,raceethnicity,age,gender,month,city,state,classification,lawenforcementagency,armed
0,0,22,0,1,0,0,0,0,0
1,1,47,0,1,1,1,1,1,1
2,1,19,0,1,2,2,2,2,0
3,2,23,0,1,3,3,1,3,0
4,3,53,0,1,4,4,1,4,1
5,1,32,0,1,5,5,1,5,2
6,2,22,0,1,6,6,1,6,1
7,2,39,0,1,7,7,1,7,3
8,1,25,0,1,8,5,1,8,4
9,0,26,0,1,9,5,3,9,0
10,1,34,1,1,10,8,1,10,0
11,1,35,0,1,11,3,1,11,1
12,0,47,0,1,12,9,1,12,2
13,1,30,0,1,13,8,1,13,1
14,1,31,0,1,14,10,1,14,5
15,0,32,0,1,15,11,1,15,1
16,0,37,0,1,16,12,1,16,1
17,0,42,0,1,17,13,0,17,0
18,1,28,0,1,18,14,1,18,0
19,0,36,0,1,19,15,1,19,0
20,1,42,0,1,20,16,1,20,3
21,1,49,0,1,21,16,1,21,1
22,2,33,0,1,22,11,1,22,1
23,1,71,0,1,23,15,1,23,1
24,2,23,0,1,24,5,1,24,1
25,2,29,0,1,25,17,1,25,1
26,1,39,0,1,26,10,1,26,1
27,1,34,0,1,27,18,1,27,1
28,1,43,0,1,28,11,1,28,4
29,0,24,0,1,29,19,1,29,5
30,1,29,0,1,30,20,1,30,5
31,1,34,0,1,31,16,1,31,4
32,1,68,0,1,32,11,1,32,1
33,1,75,0,1,33,21,1,33,4
34,1,87,0,1,34,22,2,34,0
35,1,24,0,1,35,19,1,35,1
36,0,27,0,1,36,23,1,36,1
37,1,33,0,1,37,12,1,37,1
38,0,34,0,1,38,24,1,38,1
39,2,36,0,1,39,5,1,39,4
40,0,42,0,1,40,6,1,40,5
41,0,23,0,1,41,25,1,41,1
42,0,39,0,1,42,7,1,42,1
44,3,57,0,1,43,19,3,43,3
45,1,69,0,1,44,26,2,44,0
46,2,26,0,1,45,11,1,45,1
47,1,41,0,1,46,11,1,46,1
48,0,21,0,1,47,25,1,47,1
49,2,24,0,1,9,5,1,48,1
50,2,25,0,1,48,11,1,49,4
51,1,32,0,1,49,6,1,50,1
52,1,67,0,1,50,26,1,51,1
53,1,49,0,1,51,27,1,52,4
54,0,19,0,1,52,20,1,53,1
55,1,36,0,1,53,5,1,54,1
56,2,36,0,1,54,11,1,55,1
57,1,45,0,1,55,28,1,56,4
58,1,54,0,1,56,29,1,57,1
59,1,17,1,1,57,11,1,58,4
60,0,25,0,1,58,11,1,55,2
61,0,29,0,1,59,30,1,59,5
62,2,56,0,1,60,11,1,60,4
63,1,61,0,1,61,11,1,61,1
64,0,26,0,1,62,31,1,62,4
65,1,45,0,1,63,32,1,63,1
66,2,26,0,1,64,7,1,64,1
68,2,17,0,1,65,7,1,65,0
69,2,33,0,1,66,5,1,66,4
70,0,57,0,1,5,5,0,67,0
71,1,68,0,1,67,19,1,68,1
72,4,26,0,1,68,6,1,69,5
73,1,29,0,1,69,6,1,70,1
74,0,33,0,1,70,33,1,71,1
75,1,26,0,1,71,11,1,72,1
76,4,33,0,1,72,34,0,73,0
77,3,35,0,1,8,5,1,8,3
78,1,44,0,1,73,11,1,74,1
79,1,40,0,1,74,11,1,49,1
80,1,42,0,1,75,25,1,75,0
81,1,39,1,1,76,13,1,76,4
82,1,48,0,1,77,14,1,77,1
83,2,31,0,1,45,11,1,78,1
84,0,54,0,1,78,31,1,79,4
85,3,35,0,2,45,11,1,80,1
86,1,42,0,2,79,5,1,81,1
87,1,59,0,2,80,9,1,82,0
88,1,18,0,1,81,25,1,83,1
89,0,23,0,2,52,20,1,53,1
90,0,29,0,2,82,5,1,84,4
91,0,38,1,2,83,5,1,85,1
92,1,45,0,2,84,0,1,86,1
93,2,28,0,2,68,6,1,87,1
94,2,28,0,2,68,6,1,87,0
95,0,36,0,2,85,35,1,88,4
96,2,37,0,2,86,30,1,89,1
97,0,51,0,2,87,11,1,90,1
98,1,59,0,2,88,5,1,91,2
99,0,28,0,2,89,30,1,92,0
100,2,35,0,2,90,11,3,93,0
101,1,35,0,2,91,5,1,54,2
102,0,26,0,2,92,25,1,94,1
103,1,31,0,2,93,36,1,95,1
104,0,74,0,2,94,37,1,96,1
105,1,27,0,2,61,11,1,61,1
106,0,37,1,2,95,24,3,97,0
107,1,46,0,2,86,30,1,98,1
108,1,41,0,2,96,11,1,99,1
109,0,45,0,2,97,11,1,100,1
110,1,57,0,2,98,22,1,101,1
111,2,33,0,2,72,34,1,102,1
112,2,35,0,2,99,4,1,103,3
113,1,45,0,2,100,7,1,104,1
114,0,48,0,2,85,35,1,105,1
115,1,61,0,2,101,38,1,106,1
116,0,23,0,2,102,5,1,107,4
117,1,46,0,2,103,39,1,108,1
118,2,21,0,2,104,3,1,109,1
119,1,23,0,2,105,5,1,110,5
120,1,27,0,2,106,35,1,111,1
122,1,51,0,2,107,11,1,112,1
123,1,24,0,2,108,16,1,113,2
124,0,25,0,2,109,30,1,114,3
125,1,34,0,2,110,1,1,115,4
126,1,34,0,2,111,28,1,116,1
127,2,37,0,2,112,6,1,117,4
128,1,17,0,2,113,36,1,118,1
129,1,26,0,2,114,32,1,119,1
130,1,56,0,2,115,6,1,120,1
131,1,30,0,2,116,27,1,121,2
132,1,32,0,2,117,36,1,122,1
133,1,43,1,2,94,37,1,96,1
134,2,50,0,2,118,11,1,123,3
135,1,31,0,2,119,20,1,124,0
136,0,20,1,2,120,37,1,125,4
137,1,35,0,2,121,5,3,126,0
138,2,31,0,2,122,11,1,127,0
139,0,38,0,2,123,39,1,128,1
141,1,41,0,2,124,18,1,129,1
142,0,41,0,2,41,25,3,130,0
143,1,51,0,2,36,23,1,36,4
144,2,41,0,2,125,0,1,131,1
145,1,50,0,2,126,30,1,132,1
146,0,16,0,2,127,39,1,133,1
147,1,37,0,2,128,0,1,134,4
148,1,42,0,2,129,9,1,135,4
149,1,47,0,2,130,12,1,136,1
150,1,30,0,2,131,40,1,137,4
151,1,39,0,2,76,13,1,76,0
152,1,31,0,2,132,23,1,138,0
153,0,37,0,2,92,25,1,94,5
154,1,43,0,2,25,17,1,139,1
155,2,21,0,2,5,5,1,5,4
156,1,34,1,2,133,0,1,140,1
157,2,42,0,2,134,30,1,141,1
158,1,49,0,2,135,28,1,142,1
159,1,24,0,2,136,41,1,143,1
160,2,27,0,2,137,5,1,144,0
161,1,54,0,2,99,4,0,145,0
162,0,28,0,2,138,20,1,146,1
163,1,37,1,2,139,6,1,54,1
164,0,40,0,2,140,37,1,147,1
165,1,17,0,2,141,36,1,122,0
166,2,28,1,2,142,6,1,148,4
167,0,34,0,3,52,20,1,149,0
168,0,43,0,3,9,5,1,48,0
169,0,47,0,3,92,25,3,94,0
170,1,49,0,3,143,28,1,150,1
171,1,63,0,3,144,2,2,151,0
172,0,20,0,3,145,10,1,152,1
173,0,25,0,3,146,31,1,153,1
174,1,25,0,3,147,6,1,154,4
175,1,26,0,3,148,30,1,155,0
176,3,28,0,3,8,5,1,156,1
177,1,34,0,3,149,13,1,157,1
178,2,34,0,3,150,5,1,48,0
179,0,45,0,3,151,40,1,158,4
180,0,19,0,3,152,40,1,159,0
181,1,34,0,3,153,11,3,160,0
182,0,37,0,3,42,7,1,42,0
183,0,48,0,3,154,30,1,161,5
184,0,62,0,3,155,0,2,162,0
185,1,29,0,3,68,6,1,69,1
186,1,35,0,3,156,42,1,163,0
187,2,40,0,3,92,25,1,94,1
188,0,43,1,3,157,5,1,164,4
189,0,30,0,3,158,30,1,165,1
190,1,46,0,3,159,7,1,166,1
191,1,58,0,3,160,37,1,167,1
192,3,64,1,3,161,21,2,168,0
193,1,23,0,3,162,0,1,169,4
194,0,29,0,3,163,33,3,170,0
195,0,31,0,3,164,12,1,157,1
196,2,37,0,3,165,5,1,171,3
197,1,53,0,3,166,39,1,172,1
198,0,64,0,3,167,33,1,173,1
199,2,25,0,3,24,5,1,24,5
200,1,31,0,3,168,6,1,174,2
201,1,31,0,3,85,35,1,105,1
202,0,37,0,3,169,31,1,175,5
203,2,39,0,3,137,5,1,144,1
204,1,54,0,3,170,39,1,176,1
205,2,32,0,3,9,5,1,9,0
206,0,35,0,3,171,43,1,177,3
207,0,42,0,3,172,11,0,178,0
208,2,23,0,3,173,5,1,48,0
209,1,36,0,3,174,5,1,179,4
210,2,41,0,3,175,5,1,180,1
211,1,53,0,3,176,44,1,181,4
213,1,26,0,3,177,40,1,182,0
214,2,29,0,3,178,11,1,183,1
215,1,36,0,3,179,28,1,184,3
216,1,41,0,3,180,45,3,185,0
217,1,28,0,3,29,19,1,29,1
218,3,38,0,3,181,2,3,186,0
219,1,52,0,3,182,37,1,187,1
220,1,20,0,3,183,11,1,188,1
221,2,22,0,3,184,5,1,189,0
222,1,24,0,3,185,37,1,190,1
223,1,24,1,3,5,5,1,5,5
224,0,35,0,3,186,0,3,191,0
225,1,47,0,3,187,5,1,192,4
226,1,49,0,3,188,1,1,193,1
227,1,31,0,3,189,32,1,194,1
228,1,49,1,3,190,6,1,195,1
229,1,64,0,3,89,30,1,92,1
230,0,16,0,3,191,30,1,196,1
231,0,18,0,3,167,33,1,173,0
232,1,20,0,3,192,4,1,55,3
233,4,24,0,3,193,6,1,197,1
234,1,29,0,3,194,33,1,198,0
235,1,36,0,3,187,5,1,192,1
236,1,39,0,3,195,39,1,199,4
237,1,34,0,3,196,25,1,200,1
238,1,42,0,3,70,33,1,201,1
239,0,63,0,3,197,12,1,202,4
240,1,21,0,3,198,6,1,203,1
241,1,37,0,3,199,5,1,204,4
242,1,44,0,3,200,22,1,205,1
243,1,60,0,3,201,23,1,206,1
244,0,21,0,3,202,22,1,207,0
245,0,24,0,3,203,5,1,208,1
246,1,36,0,3,204,1,1,209,4
247,1,47,0,3,205,26,0,210,0
248,1,32,0,3,206,4,0,211,0
249,0,23,0,3,155,0,1,212,5
250,0,29,0,3,207,24,1,213,1
251,1,37,0,3,208,40,1,214,1
252,1,57,0,3,102,5,1,107,1
253,1,63,0,3,209,6,1,195,1
254,0,27,0,3,210,41,1,215,1
255,2,28,0,3,9,5,1,9,1
256,2,35,0,3,211,5,1,48,4
257,1,53,1,3,212,3,1,216,1
258,2,22,0,3,187,5,1,192,2
259,0,26,1,3,213,5,1,217,4
260,0,39,0,3,214,30,1,218,4
261,1,40,0,3,215,27,1,219,1
262,0,41,0,3,216,27,1,220,1
263,1,42,0,3,217,44,1,221,1
264,1,56,0,3,218,5,1,222,1
265,0,77,0,3,123,39,1,223,1
266,1,26,0,3,219,33,1,224,5
267,0,29,0,3,220,26,1,225,1
268,0,27,1,3,221,31,1,226,5
269,0,29,0,3,222,5,1,227,2
270,0,30,0,3,223,24,3,228,0
271,1,39,0,3,224,23,3,229,0
272,1,54,0,3,225,17,1,230,1
273,2,21,0,3,226,11,1,231,2
274,0,32,0,3,227,21,0,232,0
275,1,49,0,3,228,1,1,233,1
276,1,36,0,4,229,21,1,234,4
277,0,37,0,4,230,5,1,235,1
278,1,27,0,4,231,12,1,236,1
279,0,32,0,4,232,10,1,237,1
280,0,39,0,4,233,22,3,238,0
281,0,44,0,4,41,25,1,239,0
282,1,63,0,4,234,10,1,240,1
283,1,33,0,4,235,25,3,241,0
284,1,38,0,4,236,24,1,242,3
285,1,51,0,4,68,6,1,69,4
286,0,17,0,4,237,10,1,243,1
287,4,28,0,4,238,4,3,244,0
288,0,31,0,4,157,5,1,164,1
289,1,34,0,4,239,18,1,245,1
290,0,50,0,4,240,41,1,246,0
291,1,23,0,4,36,23,1,36,1
292,0,25,0,4,241,12,1,202,1
293,1,33,0,4,242,30,1,247,0
294,1,56,0,4,243,5,1,248,0
295,1,32,0,4,244,25,1,249,1
296,1,28,0,4,245,5,1,250,4
297,2,39,0,4,9,5,1,48,1
298,0,42,0,4,246,0,1,251,5
299,1,54,0,4,247,25,1,252,5
300,1,57,0,4,248,5,3,66,0
301,1,60,0,4,178,11,1,183,1
302,1,22,0,4,249,30,1,253,3
303,1,28,0,4,250,41,1,254,1
304,1,31,0,4,251,9,1,255,1
305,2,21,0,4,252,5,1,256,4
306,1,38,0,4,253,3,1,257,1
307,1,32,0,4,254,37,1,258,1
308,0,36,0,4,36,23,1,36,1
309,1,83,0,4,255,25,1,94,3
310,2,24,0,4,45,11,1,45,3
311,2,27,0,4,256,10,1,259,1
312,1,31,0,4,257,15,1,260,3
313,0,52,0,4,258,22,0,261,3
314,0,22,0,4,259,30,1,262,1
315,1,28,0,4,260,5,0,263,0
316,0,41,0,4,45,11,1,264,0
317,0,41,0,4,261,41,1,265,4
318,2,52,0,4,173,5,1,266,2
319,1,72,0,4,262,7,1,267,1
320,0,31,0,4,263,31,3,268,0
321,1,39,0,4,264,36,3,269,0
322,2,47,0,4,265,5,1,270,4
323,0,18,0,4,266,10,1,271,1
324,0,23,0,4,267,20,1,272,4
325,2,29,0,4,53,5,1,273,1
326,1,43,0,4,68,6,1,69,1
327,1,45,0,4,268,30,1,274,1
328,0,33,0,4,178,11,3,183,0
329,1,40,0,4,269,26,1,275,1
330,1,44,0,4,270,13,1,276,4
331,2,24,0,4,271,11,1,277,1
332,2,35,0,4,9,5,1,48,4
333,0,35,0,4,272,21,1,278,5
334,4,37,0,4,273,4,1,279,0
335,1,43,0,4,274,28,3,280,0
336,1,59,0,4,138,41,1,281,4
337,0,18,0,4,207,24,1,213,0
338,2,27,0,4,275,5,1,282,0
339,1,30,0,4,276,22,1,283,1
340,3,39,0,4,277,7,1,284,1
341,2,51,0,4,278,6,1,285,4
342,2,19,0,4,279,5,1,286,0
343,1,26,0,4,280,5,1,48,1
344,1,46,1,4,281,5,1,287,5
345,1,51,0,4,282,25,1,288,1
346,0,20,0,4,283,7,1,289,1
347,1,49,0,4,284,1,1,290,1
348,0,24,0,4,276,22,1,283,0
349,1,25,0,4,285,11,1,291,3
350,1,58,0,4,286,30,1,292,4
351,1,63,0,4,259,25,1,293,1
352,1,29,0,4,287,25,1,294,0
353,1,45,0,4,288,5,1,295,0
354,1,76,0,4,289,5,1,296,1
355,0,20,0,4,290,36,1,297,3
356,0,22,0,4,16,12,1,16,1
357,1,27,0,4,291,10,1,298,1
358,1,58,0,4,163,33,1,170,1
359,1,26,0,4,292,25,1,299,4
360,2,27,0,4,293,5,1,300,1
361,4,33,0,4,294,6,1,301,1
362,2,22,0,4,22,11,1,22,3
363,0,25,1,4,155,0,1,162,1
364,1,42,0,4,295,5,1,302,0
365,1,53,0,4,296,35,1,303,1
366,0,53,0,4,297,24,1,304,1
367,1,52,0,5,101,42,1,212,1
368,0,30,0,5,298,11,1,305,1
369,3,34,0,5,298,11,1,305,1
370,1,36,0,5,299,16,1,306,1
371,1,44,0,5,27,18,1,307,1
372,1,36,0,5,300,4,1,308,2
373,1,53,0,5,301,26,1,51,1
374,3,32,0,5,302,5,1,9,4
375,1,46,0,5,303,24,1,309,1
376,0,29,0,5,9,5,1,48,0
377,0,34,1,5,304,21,2,278,0
378,0,41,0,5,304,21,2,278,0
379,1,18,0,5,305,37,1,310,1
380,0,21,0,5,306,5,1,9,5
381,1,33,0,5,307,30,3,311,0
382,1,35,0,5,308,22,1,312,4
383,1,72,0,5,309,0,1,313,4
384,0,31,0,5,310,19,1,314,0
385,1,35,0,5,311,6,1,117,3
386,0,48,0,5,241,12,1,202,1
387,1,58,0,5,312,22,1,315,1
388,0,34,0,5,313,31,1,316,4
389,1,55,0,5,314,37,3,317,0
390,1,28,0,5,315,30,1,318,4
391,0,30,0,5,48,11,1,49,5
392,1,47,0,5,316,4,1,319,1
393,0,28,0,5,191,30,1,196,1
394,1,40,0,5,317,5,1,320,4
395,3,46,0,5,181,2,1,157,1
396,0,37,0,5,318,4,0,321,0
397,1,38,0,5,319,36,1,322,1
398,2,40,0,5,276,22,0,283,0
399,1,41,0,5,320,10,1,323,1
400,1,42,0,5,321,5,1,324,2
401,1,18,0,5,322,30,1,325,1
402,1,34,0,5,295,5,1,302,1
403,1,27,0,5,323,18,1,326,3
404,0,45,0,5,241,10,1,327,1
405,0,39,0,2,324,30,3,328,0
406,1,36,0,3,325,30,1,329,1
407,0,27,0,3,326,0,1,330,0
408,0,29,0,4,327,23,1,331,1
409,1,51,0,4,138,20,1,332,1
410,1,31,0,4,328,32,1,333,1
411,0,31,0,4,48,11,1,49,1
412,0,25,0,4,62,31,0,62,0
413,0,41,0,1,70,33,1,334,4
414,2,24,0,1,329,11,1,335,0
415,1,53,0,5,315,30,1,318,1
416,2,54,0,5,172,24,1,178,4
417,0,29,0,5,330,9,1,336,1
418,1,17,0,5,331,7,1,337,1
419,1,35,0,5,332,15,1,338,1
420,1,52,0,5,333,33,1,339,4
421,0,26,0,5,76,13,1,76,1
422,1,43,0,5,334,41,1,246,4
423,1,39,1,5,335,46,1,340,4
424,0,38,0,5,336,26,1,341,1
425,0,32,0,5,334,41,1,342,1
426,2,24,0,5,161,21,1,343,4
427,0,29,0,5,337,30,1,344,3
428,2,22,0,5,22,11,1,22,1
429,1,40,0,5,338,9,1,255,2
430,1,47,0,5,339,20,1,345,1
431,0,25,0,5,290,36,1,346,1
432,1,40,0,5,340,6,1,347,1
433,1,31,1,5,61,11,1,61,1
434,0,51,0,5,276,22,1,283,1
435,0,36,0,5,341,39,1,348,4
436,1,62,0,5,342,4,1,349,1
437,1,39,0,5,343,21,1,350,4
438,1,34,0,5,104,3,3,351,0
439,1,24,0,5,344,25,1,352,2
441,1,33,0,5,345,5,1,222,3
442,1,57,0,5,346,0,1,353,4
443,0,32,0,5,347,7,1,354,1
444,5,20,0,5,279,5,1,286,0
445,1,60,0,5,330,41,1,355,1
446,0,40,0,5,348,0,1,356,1
447,1,18,0,5,349,36,1,357,3
448,0,36,0,5,350,21,1,358,4
451,1,18,0,5,198,6,1,359,0
452,2,39,0,5,296,35,1,360,2
453,0,50,0,5,351,22,3,361,0
454,1,47,0,5,352,11,1,362,2
455,1,23,0,6,351,22,1,363,1
456,1,40,0,5,188,1,1,193,1
457,0,26,0,6,353,27,1,364,4
458,1,56,0,5,354,26,3,365,0
459,5,26,0,6,355,11,1,366,4
460,2,18,0,6,356,11,1,367,1
461,2,33,0,6,45,11,1,45,4
462,1,56,0,6,357,21,1,368,1
463,1,33,0,4,358,33,0,369,0
464,0,24,0,6,359,9,2,370,1
465,2,46,0,6,275,5,1,371,1
467,0,33,0,6,360,9,1,372,1
468,2,50,0,6,361,5,1,373,1
469,1,23,0,6,5,5,2,5,0
470,2,27,0,6,362,7,1,374,1
471,0,30,0,6,83,5,1,375,1
472,2,45,0,6,363,5,1,376,1
473,1,42,0,6,364,11,1,377,4
474,1,45,1,6,365,44,1,378,5
475,1,53,0,6,366,30,1,379,1
476,1,66,0,4,367,25,1,380,1
477,1,58,0,6,368,4,1,381,1
478,1,35,0,6,369,30,1,382,1
479,1,54,0,6,370,23,1,383,1
480,2,30,0,6,157,5,1,164,4
481,0,25,0,6,97,11,3,100,0
482,2,51,0,6,276,22,3,283,3
483,1,30,0,6,371,33,1,384,0
484,1,69,0,6,372,6,1,385,1
486,1,28,0,6,13,8,1,13,0
487,1,45,0,6,373,11,1,386,1
488,0,22,0,6,374,33,1,387,1
489,0,19,0,6,276,22,1,283,1
490,0,40,0,6,375,30,1,388,1
491,0,46,0,6,259,30,1,389,3
492,1,85,0,6,138,35,1,390,1
493,2,22,0,6,161,21,1,343,4
494,2,28,0,6,178,11,1,391,1
495,1,17,1,6,376,23,1,392,2
496,1,35,0,6,377,11,1,100,1
497,1,50,0,6,378,44,0,393,0
498,0,35,0,6,379,26,1,394,3
499,1,46,0,6,380,23,1,395,1
501,2,28,0,6,8,5,1,8,5
502,1,15,0,6,158,30,1,165,1
503,0,22,0,6,381,5,1,396,0
504,1,51,1,6,382,21,1,397,0
505,1,28,0,6,383,5,1,398,1
506,0,47,0,6,384,41,2,143,0
507,0,42,0,6,385,30,0,399,0
508,1,40,1,6,386,39,1,400,1
509,4,31,0,6,387,47,1,401,1
510,1,58,0,6,276,22,1,283,4
511,1,48,0,6,388,18,1,402,1
512,0,21,0,6,374,33,1,387,1
513,2,50,0,6,389,7,1,403,1
514,2,45,0,6,390,27,1,404,4
515,1,49,0,6,45,11,1,264,3
516,2,24,0,6,391,5,1,405,0
517,1,60,0,6,392,37,1,406,1
518,0,20,0,6,12,9,1,407,1
519,1,30,0,6,393,0,1,408,1
520,2,35,0,6,394,5,1,409,1
521,1,22,0,6,395,3,1,410,4
522,1,34,0,6,36,23,1,36,0
523,1,49,0,6,396,11,1,411,4
524,0,26,0,6,397,24,1,412,1
525,0,41,0,6,398,31,1,79,0
526,2,23,0,6,399,32,0,413,0
527,1,61,0,6,400,5,1,414,1
528,1,49,0,6,401,22,1,415,1
529,0,23,0,6,266,10,1,271,1
530,2,28,0,6,178,11,1,183,1
531,1,35,0,6,402,25,1,416,1
532,1,29,0,6,204,1,1,209,2
533,1,50,0,6,403,22,1,417,1
534,2,28,0,5,294,6,1,301,1
535,1,52,0,6,404,37,1,418,1
536,1,51,0,6,405,33,2,419,0
537,0,24,0,7,406,1,1,420,0
538,1,45,0,7,407,27,1,421,2
539,1,68,0,5,408,37,2,422,0
540,1,25,0,4,409,4,0,423,0
541,1,32,0,7,410,1,1,424,1
542,1,40,0,7,411,30,1,425,1
545,3,60,0,7,295,5,1,302,4
546,0,23,0,7,412,24,1,426,1
547,2,33,0,7,413,21,1,427,1
548,2,46,0,7,330,5,1,9,1
549,2,27,0,7,414,5,1,428,4
550,2,25,0,7,415,5,0,429,0
551,0,42,0,7,92,25,1,94,1
552,1,36,0,7,416,17,1,430,1
553,1,37,0,7,417,35,1,431,1
554,1,35,0,7,61,11,1,61,1
555,1,25,0,7,61,11,1,61,2
556,1,25,0,7,418,21,2,432,0
557,1,19,0,7,419,5,1,433,0
558,2,43,0,7,420,5,1,9,0
559,1,20,0,7,92,25,1,94,1
560,1,33,0,7,294,6,1,301,3
561,0,18,0,7,421,11,1,45,1
562,0,52,0,7,259,30,3,389,4
563,0,29,0,7,9,5,1,48,4
564,1,31,0,7,273,5,1,9,5
565,1,59,0,7,97,11,1,100,1
566,1,42,0,7,422,29,1,434,4
567,2,47,0,7,187,5,1,192,1
568,1,28,0,7,220,26,1,435,4
569,0,37,0,7,423,21,1,436,4
570,2,39,0,7,424,11,1,437,1
571,1,59,0,7,425,1,1,438,1
572,1,35,0,7,426,20,1,439,1
573,2,27,0,7,427,5,1,440,4
574,1,62,0,7,428,37,1,441,5
575,1,68,0,7,68,6,1,69,1
576,1,60,0,6,429,30,2,442,0
577,0,27,0,7,266,10,1,271,1
578,1,50,0,7,430,16,1,443,1
579,0,39,0,7,431,28,0,444,0
580,1,17,0,7,432,5,1,445,1
581,1,38,0,7,9,5,1,48,3
582,1,54,0,7,25,17,1,446,1
583,0,53,0,7,433,0,3,447,0
584,0,21,0,7,104,20,1,448,3
585,0,20,0,7,433,0,1,449,1
586,1,62,0,7,61,11,1,61,1
587,1,31,0,7,434,5,1,450,1
588,4,35,0,7,65,7,1,65,4
589,0,36,0,7,435,30,1,451,0
591,1,24,0,7,436,10,1,452,1
592,1,77,0,7,70,33,2,453,0
594,1,23,0,7,437,5,1,454,1
595,1,30,0,7,438,16,3,455,0
596,2,23,0,7,439,27,1,456,5
597,0,20,0,7,440,30,1,292,1
598,1,55,0,7,441,37,0,457,0
599,1,76,0,7,442,33,1,458,1
601,0,25,0,7,443,5,1,459,4
602,1,41,0,7,9,5,1,48,3
603,1,30,0,7,104,3,1,460,1
604,1,23,0,7,444,46,1,461,1
605,0,35,0,7,445,30,1,462,1
606,2,29,0,7,446,40,1,463,3
607,5,24,0,7,447,35,1,464,1
608,1,27,0,7,448,4,1,465,4
609,0,23,0,7,86,30,1,89,0
610,1,22,0,7,449,7,1,466,4
611,1,46,0,7,68,6,1,69,1
612,0,19,0,7,85,35,1,105,0
614,2,26,0,7,450,5,1,467,0
615,0,43,0,7,374,33,1,468,0
616,1,50,0,7,451,5,1,469,1
617,2,24,0,7,45,11,1,264,1
618,1,65,0,7,452,3,1,470,1
619,1,30,0,7,453,28,0,471,0
620,3,54,0,7,454,5,1,472,4
621,1,54,0,7,455,25,1,473,1
622,1,35,0,7,456,11,1,474,1
623,0,26,0,7,360,9,1,372,1
624,1,35,0,7,457,0,1,475,1
625,1,57,0,7,458,44,0,476,0
626,1,24,0,7,459,30,1,388,1
627,1,29,0,7,460,39,1,477,1
628,1,47,0,7,461,0,1,478,3
629,0,30,0,4,462,0,2,479,0
630,2,40,0,7,463,40,1,480,1
631,0,34,0,7,464,33,1,481,1
632,0,26,0,7,92,25,1,94,4
633,1,47,0,7,84,46,1,482,2
634,1,31,0,7,465,19,1,483,0
635,1,32,0,7,466,41,1,484,1
636,1,44,1,7,467,5,1,485,1
637,1,44,0,7,468,5,1,48,1
639,1,33,0,7,469,37,1,486,4
640,1,50,0,7,470,0,1,487,1
641,0,36,0,7,25,17,1,446,2
642,0,33,0,7,471,12,1,488,1
643,1,19,0,7,472,41,1,489,0
644,1,45,0,7,473,12,1,490,2
645,0,59,0,7,474,30,1,491,1
646,1,56,0,7,138,41,1,492,4
647,1,23,0,7,167,35,1,493,0
648,1,22,0,7,277,7,1,494,4
649,1,41,0,7,475,15,1,495,4
650,2,34,0,7,476,18,1,496,1
651,2,47,0,7,477,5,1,9,3
652,1,53,0,7,478,16,1,497,1
653,3,57,0,7,5,5,0,5,0
654,2,38,0,7,479,27,3,498,0
655,1,25,0,7,480,5,1,189,1
656,1,48,0,7,481,17,1,499,1
657,2,30,0,7,48,11,1,49,1
658,2,33,0,7,27,18,1,27,1
659,1,34,0,7,482,18,1,500,1
661,1,63,0,8,45,11,1,45,5
663,1,20,0,7,483,36,2,501,0
664,1,48,0,8,97,11,0,502,0
665,0,49,0,8,83,5,1,375,1
666,1,18,0,8,484,9,1,503,1
667,1,35,0,8,485,23,1,504,2
668,1,71,0,8,486,24,1,505,1
669,2,55,0,8,487,5,1,506,0
670,2,29,0,8,82,35,1,507,2
671,0,20,0,8,488,24,1,508,1
672,1,51,0,8,489,40,1,509,4
673,1,40,0,8,316,4,1,319,1
674,0,39,0,8,490,2,1,510,1
675,1,18,0,8,379,26,1,394,4
676,0,31,0,8,491,10,1,511,3
677,0,33,0,8,492,0,3,330,0
678,2,42,0,8,493,26,1,512,4
679,1,30,0,8,494,5,1,513,2
680,2,24,0,8,25,17,1,514,3
681,0,19,0,8,172,11,1,178,0
682,0,28,0,8,279,5,1,286,4
683,0,24,0,8,495,41,1,515,1
684,1,26,0,8,496,45,0,516,0
685,1,53,0,8,497,14,1,517,5
687,1,58,0,8,94,37,1,187,1
688,1,46,0,8,318,4,1,321,1
689,0,25,0,8,384,37,1,518,1
690,1,41,0,8,498,25,1,519,0
691,0,15,0,8,36,23,1,36,5
692,2,22,0,8,102,5,1,107,4
694,1,24,0,8,499,6,1,520,5
695,1,32,0,6,76,13,1,499,1
696,1,34,0,8,500,32,1,521,1
697,1,48,0,8,87,11,1,522,4
698,0,24,0,8,83,5,1,375,1
699,0,30,1,8,9,5,1,48,4
700,2,27,0,8,53,5,1,54,1
701,1,24,0,8,501,11,1,523,1
703,0,27,0,8,502,33,1,524,1
704,0,38,0,8,276,22,1,283,1
705,2,26,0,8,503,11,1,525,1
706,0,30,0,8,504,31,1,526,0
707,1,43,0,8,80,23,1,527,0
708,0,23,0,8,245,5,1,250,1
709,1,34,0,8,505,5,1,66,1
710,1,30,0,8,506,17,1,528,1
711,2,44,0,8,507,5,3,529,0
712,2,29,0,8,102,5,1,107,1
713,1,47,0,8,508,11,1,530,1
714,1,53,0,8,509,45,1,531,4
715,0,35,0,8,45,11,1,45,1
716,2,40,0,8,102,5,1,107,0
717,0,30,0,4,308,22,0,261,0
718,0,18,0,8,52,20,1,53,6
719,1,29,0,8,510,4,1,532,1
720,0,24,0,8,511,36,1,533,1
722,1,44,0,8,512,37,1,534,1
723,1,50,0,8,513,39,1,535,0
724,2,17,0,8,165,5,1,171,1
726,1,38,0,8,305,37,1,310,4
727,1,30,0,8,514,31,1,153,0
728,1,31,0,8,515,19,1,536,1
729,1,57,0,8,40,6,3,537,0
730,0,39,0,8,516,22,1,538,1
731,1,29,0,8,187,5,1,192,3
732,1,26,0,8,3,3,1,3,5
734,1,21,0,8,517,21,1,539,2
735,1,53,0,8,518,37,1,540,1
736,1,36,0,8,191,30,1,196,1
737,1,57,0,8,25,17,1,446,1
738,1,64,0,8,519,24,1,541,4
739,2,30,0,8,520,18,1,542,1
740,0,34,0,8,521,9,1,543,4
741,1,51,0,8,522,30,1,544,1
742,1,45,0,8,68,6,1,69,1
743,1,22,0,8,441,35,1,545,2
744,2,22,0,8,259,30,1,262,1
745,1,19,0,8,523,33,1,1,1
746,1,46,0,8,524,35,1,546,1
747,0,30,0,8,83,5,1,375,3
748,0,43,0,8,97,11,1,100,2
749,2,29,0,8,9,5,1,48,3
750,1,54,0,8,295,5,1,302,4
751,1,64,0,5,525,24,2,547,0
752,1,64,1,5,525,24,2,547,0
753,1,28,0,8,526,16,1,548,1
754,2,41,0,8,178,11,1,391,6
755,0,61,0,8,527,22,1,283,0
756,0,25,0,8,528,17,1,446,1
757,2,43,0,8,178,11,1,183,4
758,2,29,0,8,266,10,1,271,5
759,1,20,0,8,529,25,1,549,1
760,2,40,0,8,530,6,1,148,1
761,1,46,0,8,531,7,1,550,4
762,1,23,0,8,57,11,1,58,1
763,0,48,0,8,374,33,3,387,0
764,0,33,0,9,532,44,1,551,1
766,1,18,0,8,533,0,3,264,0
767,1,47,0,9,534,18,1,552,1
768,1,76,0,9,535,33,1,553,1
769,1,31,0,8,102,5,0,554,0
770,1,45,0,9,536,6,1,555,1
771,1,37,0,9,537,48,1,556,1
772,1,27,0,9,538,5,1,557,1
773,2,49,0,9,539,23,1,558,3
774,1,36,0,9,540,11,1,559,1
775,0,21,0,9,541,37,1,560,2
776,2,32,0,9,165,5,1,171,3
777,2,47,0,9,279,5,3,286,0
778,1,60,0,9,259,30,1,389,1
779,1,63,0,9,542,49,0,561,0
780,0,35,0,9,543,24,1,562,1
781,0,27,1,9,543,24,1,562,0
782,6,28,0,9,471,12,1,488,1
783,1,33,0,9,544,9,3,255,0
784,2,45,0,9,545,18,0,563,0
785,1,23,0,9,546,29,1,564,4
786,0,41,0,9,290,36,4,565,0
787,2,45,0,9,494,5,1,513,3
788,1,42,0,9,388,18,1,402,1
789,0,45,0,5,341,39,0,348,0
790,1,25,0,9,131,40,1,566,1
791,0,37,0,9,104,20,1,448,3
792,4,33,0,9,547,34,1,567,1
793,0,29,0,9,36,23,1,568,1
794,1,32,0,9,548,5,1,569,1
795,2,34,0,9,174,5,1,179,4
796,2,41,0,9,549,5,1,9,1
798,2,37,1,3,550,7,0,570,0
799,3,31,0,9,551,22,1,571,4
800,2,24,0,7,266,10,0,271,0
802,1,39,0,9,552,8,1,1,1
803,1,45,0,9,553,35,1,572,1
804,0,67,0,9,554,25,1,573,1
805,1,24,0,9,555,33,0,574,0
806,1,29,0,9,556,11,1,575,5
808,1,28,0,9,557,5,1,576,0
809,0,21,0,9,558,12,1,577,3
810,1,44,0,9,559,7,1,578,1
811,2,32,0,9,9,5,1,48,1
813,4,19,0,9,560,34,1,579,1
814,0,27,0,9,561,12,1,580,1
815,1,50,0,9,425,36,1,581,1
816,2,19,0,9,562,5,2,582,0
817,2,39,0,9,9,5,1,48,1
818,1,61,0,9,563,26,1,583,1
819,3,59,0,9,564,5,1,584,4
821,1,32,0,9,565,5,1,81,0
822,1,57,0,9,566,39,1,1,1
823,1,46,0,9,567,12,1,585,1
824,4,50,0,9,121,4,0,586,0
825,1,56,0,9,568,23,1,587,1
826,1,23,0,9,569,24,1,588,1
827,2,24,0,9,97,11,1,100,1
828,1,48,1,9,570,36,2,589,0
829,0,32,0,9,571,5,1,590,1
830,2,25,0,7,463,40,1,591,1
831,1,27,0,9,572,5,1,592,1
832,1,23,1,9,572,5,1,592,1
834,1,24,0,9,573,30,1,155,1
835,2,24,0,9,574,30,1,593,0
836,1,26,0,9,528,17,1,25,1
837,1,55,0,9,575,5,1,594,1
838,1,33,0,9,576,30,1,595,1
839,0,48,0,9,20,16,1,20,4
840,0,28,0,9,211,42,1,596,1
841,0,19,0,9,577,31,1,79,0
842,1,35,0,9,578,11,1,597,1
843,0,42,0,9,259,30,1,262,4
844,1,45,0,9,579,24,1,598,1
845,1,17,0,9,580,7,1,599,1
846,4,30,0,9,29,19,1,29,3
847,1,21,0,9,555,33,1,600,0
848,0,34,0,9,266,10,1,271,4
849,1,45,0,9,581,6,1,555,1
850,2,37,1,9,9,5,1,48,4
851,0,46,0,9,164,12,1,601,4
852,2,23,0,9,582,18,1,602,1
853,1,43,0,9,583,0,1,603,1
854,0,31,0,9,584,30,1,262,0
855,2,59,0,9,295,5,1,302,2
856,2,40,0,9,585,11,1,604,1
857,1,53,0,9,36,23,2,36,0
858,0,28,0,9,586,44,1,221,1
859,4,46,0,9,587,48,1,605,3
860,2,40,0,9,494,5,1,513,2
861,1,37,0,9,588,19,1,606,0
862,2,26,0,10,562,5,1,582,4
863,1,55,1,10,1,1,1,1,4
864,1,45,0,10,9,5,1,48,0
865,0,31,0,10,266,10,1,271,1
866,2,28,0,10,589,6,1,607,1
867,1,17,1,9,348,0,2,608,0
868,1,16,1,9,348,0,2,608,0
869,1,27,0,10,590,39,1,609,1
871,1,51,0,10,591,11,1,610,1
872,1,50,0,10,592,21,1,611,1
873,1,39,0,10,593,5,1,612,1
874,1,27,0,9,555,33,1,600,0
875,2,46,0,10,594,30,1,613,3
876,2,19,0,10,138,31,1,614,4
877,1,31,0,10,595,45,1,615,1
878,1,40,0,10,596,36,1,581,3
879,3,44,0,10,597,12,1,616,1
880,0,23,0,10,598,41,1,143,1
881,1,49,0,10,523,27,1,617,5
882,2,34,0,10,565,5,1,110,0
885,2,43,0,10,501,11,1,618,4
887,1,31,0,10,599,28,1,619,1
888,1,27,0,10,600,0,1,620,1
889,2,15,0,10,445,30,1,262,1
890,1,50,1,10,25,17,1,446,1
891,0,57,0,10,601,39,1,621,1
892,0,25,0,10,70,33,1,334,1
893,2,18,0,10,602,5,1,622,5
895,2,27,0,10,5,5,1,5,1
896,1,31,0,10,167,33,1,623,2
897,0,20,0,10,45,11,1,45,1
898,1,35,0,10,603,4,1,624,1
899,2,25,0,10,604,5,1,9,0
900,1,27,0,10,45,11,1,45,1
901,1,62,1,10,605,5,1,54,1
902,0,26,0,10,70,28,1,334,6
903,2,22,0,10,222,5,1,625,2
904,0,28,0,10,606,9,1,626,4
905,0,18,0,10,607,24,1,508,0
906,0,31,0,10,608,30,1,627,1
907,0,30,0,10,609,5,1,628,0
909,2,27,0,10,610,5,2,9,0
910,1,46,1,10,611,30,1,629,1
911,0,54,0,10,9,5,1,9,5
912,1,30,0,10,379,26,1,630,2
913,0,39,0,10,295,5,1,302,2
914,1,30,0,10,612,12,1,631,4
915,1,21,0,10,613,8,1,632,1
916,2,35,0,10,614,5,1,633,4
917,1,40,0,10,615,18,1,634,1
918,2,21,0,10,383,5,1,635,0
919,1,47,0,10,616,36,1,636,1
920,0,38,0,10,471,12,1,488,4
921,0,36,0,10,617,5,1,637,1
923,0,34,0,10,618,30,1,638,1
924,2,34,0,10,619,5,1,189,1
925,1,47,0,10,284,40,1,639,1
928,1,36,0,10,620,0,1,640,1
929,1,28,0,10,621,33,1,641,1
930,3,18,0,10,429,30,1,442,0
932,0,21,1,10,171,43,1,642,1
933,2,24,0,10,360,9,3,643,0
934,0,25,0,10,0,0,1,644,1
935,0,29,0,10,295,5,1,645,0
936,1,57,0,10,622,28,1,646,1
937,0,18,0,10,623,25,1,473,1
938,0,32,0,6,164,12,3,647,0
939,2,36,0,10,624,11,3,648,0
940,1,47,0,10,625,3,3,649,0
942,0,34,0,10,191,30,1,196,1
943,2,29,0,10,626,11,1,650,1
944,1,62,0,10,627,26,1,651,1
945,0,25,0,10,70,33,1,201,1
946,0,25,0,10,45,11,1,45,1
947,1,36,0,10,284,1,1,652,1
948,1,30,0,10,628,25,1,653,4
950,1,33,0,10,629,7,1,654,1
951,0,56,0,10,630,39,1,655,1
953,1,20,0,11,631,5,1,189,1
954,1,62,0,11,632,32,1,656,1
955,0,62,0,11,171,43,1,657,1
956,1,30,0,11,119,20,1,124,1
957,0,57,0,11,45,11,1,45,1
959,1,47,0,11,295,5,1,302,0
960,1,30,0,11,633,20,1,658,3
961,1,36,1,11,634,41,1,659,1
962,1,46,0,11,365,44,1,660,1
963,1,20,0,11,635,25,1,661,1
964,1,6,0,11,636,12,1,662,0
965,1,51,0,11,204,1,1,209,1
966,1,55,0,11,25,17,1,663,5
967,1,68,0,11,148,30,1,664,0
969,1,28,0,11,637,1,2,665,0
970,1,57,1,10,638,9,2,255,0
971,2,25,0,11,107,11,1,112,1
972,0,20,0,11,261,41,1,666,5
975,1,26,0,11,86,44,1,667,1
976,2,31,0,11,27,18,1,307,5
977,1,36,0,11,639,7,1,668,1
978,2,34,0,11,640,5,1,669,1
979,2,45,0,11,102,5,1,107,1
980,2,25,0,11,5,5,1,5,1
981,0,32,0,11,62,31,1,62,1
982,1,57,0,11,641,41,1,670,1
983,1,37,1,1,642,21,1,671,0
984,0,39,0,1,12,9,0,672,0
985,1,31,0,5,643,39,1,673,0
986,1,18,0,10,644,35,1,674,1
987,2,42,0,11,245,5,1,675,4
988,1,25,0,11,645,0,1,676,1
989,1,52,0,11,349,35,1,677,2
991,2,31,0,11,619,5,1,54,3
992,1,33,0,11,646,37,1,678,3
993,0,39,0,11,83,5,1,375,2
994,0,16,0,11,360,9,1,679,1
995,1,25,0,11,647,0,1,680,5
996,1,22,0,11,648,14,1,681,1
997,0,24,0,11,43,19,1,682,0
998,1,41,0,11,396,11,1,411,0
999,0,28,0,11,259,30,1,262,1
1000,0,21,0,11,649,41,1,683,1
1001,0,22,0,8,86,30,0,89,1
1002,1,47,0,11,650,21,1,684,4
1003,0,25,0,11,651,30,1,685,3
1004,1,58,0,11,172,0,1,686,0
1005,0,30,0,11,45,11,1,264,4
1006,0,44,0,11,570,36,1,581,1
1007,0,34,0,11,652,30,1,687,1
1008,0,27,0,11,214,30,1,688,4
1009,0,34,0,11,171,43,1,689,4
1010,0,29,0,11,557,5,1,81,0
1011,0,50,0,11,65,7,0,690,0
1012,1,39,0,11,97,0,1,691,1
1013,2,56,0,11,174,5,1,179,1
1014,1,24,0,11,653,25,1,692,0
1015,1,46,0,11,174,5,1,179,6
1016,1,32,0,11,654,0,3,693,0
1017,2,28,0,11,65,7,1,65,1
1018,2,49,0,11,624,11,1,648,4
1019,1,45,0,11,655,17,1,694,1
1020,1,32,0,11,25,17,1,446,2
1021,1,45,0,11,656,19,1,695,2
1022,1,50,0,11,70,33,1,201,1
1023,0,24,0,11,413,21,1,427,1
1025,1,37,1,11,657,20,1,696,1
1027,1,58,0,11,658,20,1,697,1
1028,1,50,0,11,659,11,1,698,3
1029,2,23,0,11,187,5,1,192,1
1030,1,22,0,11,660,33,1,699,1
1031,1,53,0,11,661,20,1,700,1
1032,2,69,0,11,372,6,1,385,1
1033,1,29,0,11,149,13,1,701,1
1034,3,25,0,11,42,7,1,42,3
1035,0,18,0,11,155,0,1,162,1
1036,1,23,0,12,662,38,1,702,1
1037,2,18,0,12,663,5,1,9,1
1038,3,28,0,12,664,5,1,110,1
1039,3,27,1,12,664,5,1,110,1
1040,0,26,0,12,5,5,1,5,4
1041,1,47,0,12,294,6,1,301,3
1042,1,66,0,12,665,13,1,703,1
1043,2,35,0,12,65,7,1,65,1
1044,2,32,0,12,178,11,1,523,0
1045,1,52,0,12,411,30,1,425,3
1046,2,36,0,12,666,18,1,704,1
1047,1,61,1,12,667,20,1,272,1
1048,1,35,0,12,448,4,1,465,1
1049,1,24,0,12,668,11,1,705,1
1050,1,60,0,12,669,40,1,706,1
1051,1,48,0,12,670,46,1,707,4
1052,2,38,0,12,602,5,1,622,1
1053,0,32,0,12,89,30,1,92,1
1054,0,36,0,12,671,22,1,283,0
1055,1,27,0,12,52,20,0,53,0
1056,1,51,0,12,672,25,1,708,1
1057,0,55,0,12,598,41,1,143,1
1058,1,66,0,12,673,26,1,598,1
1059,1,54,0,12,674,5,1,709,4
1061,1,34,0,12,36,23,1,36,1
1062,0,33,0,12,167,33,1,710,1
1063,1,36,0,12,530,6,1,711,0
1064,0,25,0,12,36,23,1,36,4
1065,0,28,0,12,675,5,1,9,1
1066,1,20,0,12,676,9,1,712,1
1067,1,21,0,12,677,11,1,713,3
1069,2,49,0,12,565,5,1,110,4
1070,0,24,0,12,447,35,1,464,1
1071,1,36,0,12,678,25,1,714,3
1072,2,32,0,12,65,7,1,715,1
1073,1,51,1,12,172,11,1,178,1
1074,0,33,0,12,16,12,1,16,1
1075,1,56,0,12,679,35,1,716,1
1076,1,40,0,12,680,33,1,224,0
1077,1,52,0,12,681,31,1,79,4
1078,3,30,0,12,682,4,1,717,4
1079,1,48,1,12,25,17,1,446,1
1080,2,45,0,12,25,17,1,446,1
1081,2,19,0,12,683,5,1,718,0
1082,3,39,0,12,279,5,1,286,4
1083,1,33,0,12,684,44,1,719,1
1084,1,23,0,12,685,5,1,720,4
1085,1,25,0,12,686,33,1,198,3
1086,0,51,0,12,97,37,1,100,5
1087,1,24,0,12,222,5,1,625,1
1088,1,32,0,12,687,31,1,62,2
1089,1,32,0,12,553,35,1,369,5
1090,2,26,0,12,688,5,1,48,0
1091,2,58,0,12,689,18,1,721,2
1092,1,26,0,11,690,5,1,722,0
1093,0,30,0,12,691,5,1,9,0
1094,2,34,0,12,53,5,1,723,1
1095,2,31,0,12,692,11,1,724,1
1096,1,39,0,12,148,30,1,155,1
1097,0,32,0,12,693,12,1,725,0
1098,0,48,0,12,694,0,1,499,6
1099,0,25,0,12,65,7,1,42,5
1101,1,21,0,12,695,9,1,255,1
1102,1,29,0,12,696,30,1,726,1
1103,2,19,0,12,27,18,1,27,1
1104,1,56,0,12,10,50,1,727,1
1105,0,25,0,11,171,43,1,79,4
1106,0,35,0,12,290,36,1,728,0
1108,0,18,0,12,120,37,1,125,1
1109,1,36,0,12,697,12,1,729,0
1111,2,23,0,12,698,5,1,730,4
1112,0,24,0,12,699,36,1,731,1
1113,1,31,0,12,700,5,1,732,4
1114,0,55,1,12,266,10,1,271,0
1115,0,19,0,12,266,10,1,271,3
1116,1,41,0,12,68,6,1,69,3
1118,1,34,0,12,147,6,1,733,4
1119,1,28,0,12,701,24,1,734,2
1120,0,24,0,10,45,11,1,45,1
1124,1,44,0,12,191,30,3,196,0
1126,2,55,0,12,494,5,1,513,4
1127,2,74,0,11,389,7,2,735,0
1128,0,23,0,12,25,17,1,446,0
1130,0,25,0,7,266,10,1,271,1
1131,2,38,0,12,399,32,1,736,1
1132,0,21,0,12,12,9,1,737,1
1133,0,35,0,12,702,42,3,163,1
1134,1,59,0,7,187,5,2,66,0
1135,1,63,0,11,629,7,1,654,2
1136,1,28,0,11,703,11,1,738,5
1138,0,46,0,12,704,33,1,739,1
1139,0,74,0,9,171,43,0,740,0
1140,1,62,0,3,61,11,3,61,0
1141,0,46,0,6,349,21,0,357,0
1142,1,61,0,10,705,22,1,741,1
1143,0,24,0,9,706,11,0,742,0
1144,1,58,0,2,707,5,0,743,0
1145,1,38,0,11,708,22,3,744,0
1146,0,20,0,5,374,33,1,387,1
1147,1,62,0,1,709,5,1,745,1
1148,1,30,0,1,295,5,1,302,4
1149,1,37,0,1,710,14,1,746,4
1150,1,54,0,1,711,11,1,747,1
1151,1,37,0,1,712,48,1,748,1
1152,0,30,0,1,120,37,1,125,1
1153,0,22,0,1,92,25,1,94,1
1154,0,27,0,1,713,12,1,749,1
1155,1,54,0,1,714,9,1,750,4
1156,1,29,0,1,682,4,1,717,0
1157,1,52,0,1,715,5,1,751,1
1158,2,28,0,1,716,5,1,227,3
1159,1,39,0,1,717,35,1,748,4
1160,0,33,0,1,120,37,1,125,1
1161,1,38,0,1,237,10,1,243,2
1162,2,32,0,1,718,18,1,245,1
1163,1,34,0,1,336,26,1,752,1
1164,1,50,0,1,719,0,1,478,1
1165,1,26,0,1,720,40,1,753,4
1166,1,37,0,1,721,4,1,754,3
1167,1,45,1,1,722,31,1,153,2
1168,1,45,0,1,374,33,1,387,2
1169,1,32,0,1,65,7,1,65,1
1170,1,56,0,1,723,5,1,755,0
1171,1,12,1,1,724,9,1,756,0
1172,1,58,0,1,17,24,1,757,1
1173,4,49,0,1,72,34,1,102,4
1174,1,60,0,1,725,4,1,758,1
1175,1,29,0,1,726,35,1,759,1
1176,1,41,0,1,591,10,1,760,1
1177,2,39,0,1,727,5,1,9,4
1178,1,26,0,1,728,44,1,221,1
1179,0,24,0,1,729,36,1,761,1
1180,1,25,1,1,730,5,1,762,0
1181,2,34,0,1,9,5,1,48,2
1182,0,19,0,1,731,30,1,613,1
1183,1,44,0,1,425,1,1,438,2
1184,1,55,0,1,732,44,1,221,5
1185,2,24,0,1,9,5,1,48,4
1186,1,38,0,1,733,39,1,763,1
1187,0,52,0,1,52,20,1,53,1
1188,1,27,0,1,178,11,1,183,1
1189,1,31,0,1,734,16,1,764,1
1190,1,47,0,1,191,30,1,765,4
1191,1,27,0,1,188,1,1,193,4
1192,1,33,0,1,530,6,1,148,1
1193,1,26,0,1,294,6,1,301,0
1194,1,29,0,1,735,5,1,766,3
1195,1,39,0,1,68,6,1,69,1
1196,1,28,0,1,86,30,1,89,2
1197,1,55,0,1,736,37,1,767,4
1198,1,36,0,1,97,11,1,768,1
1199,1,28,0,1,246,0,1,769,1
1200,2,26,0,1,8,5,0,8,0
1201,1,33,0,1,737,39,1,770,1
1202,0,40,0,1,738,12,1,771,1
1203,1,37,0,1,739,11,1,530,4
1204,0,39,0,1,740,25,1,772,1
1205,1,26,0,1,393,0,1,408,1
1206,1,67,1,1,741,23,2,773,0
1207,1,43,0,1,386,39,1,774,2
1208,2,38,0,1,655,17,1,694,4
1209,1,50,0,1,742,3,0,775,0
1210,1,47,0,1,743,5,0,776,4
1211,1,55,0,1,744,1,1,777,1
1212,0,31,1,1,745,36,1,728,5
1213,0,32,0,1,85,35,1,105,1
1214,2,26,0,1,746,0,1,608,1
1215,1,30,0,1,747,11,1,778,1
1216,1,52,0,1,748,15,1,779,1
1217,1,27,0,1,749,41,1,780,4
1218,2,31,0,1,520,18,1,781,1
1219,3,40,0,1,750,35,1,782,2
1220,1,33,0,1,76,13,1,76,1
1221,0,19,0,1,751,1,1,115,1
1222,4,32,1,1,316,4,1,319,5
1223,0,33,0,1,439,27,1,456,1
1224,0,29,0,1,668,11,1,705,1
1225,1,41,1,1,752,39,1,783,5
1226,2,38,0,1,449,7,1,784,3
1227,2,64,0,1,753,0,1,785,1
1228,1,25,0,1,754,11,1,786,0
1229,1,42,0,1,426,20,1,787,1
1230,0,37,0,1,12,9,1,788,4
1231,0,29,0,1,266,10,1,271,1
1232,2,46,0,1,755,30,1,629,4
1233,1,42,0,1,187,5,1,189,1
1234,0,36,0,2,171,43,1,642,2
1235,2,21,0,2,27,18,1,789,1
1236,1,30,0,2,756,5,1,790,4
1237,4,34,0,2,757,9,1,791,0
1238,1,33,0,2,758,11,2,391,0
1240,1,31,0,2,242,30,1,792,1
1241,0,49,0,2,759,39,0,793,0
1242,0,36,0,2,178,11,1,183,0
1243,1,54,0,2,760,33,1,292,2
1244,1,24,0,2,294,6,1,301,4
1245,1,47,0,2,104,20,1,439,1
1246,2,43,0,2,22,11,1,55,1
1247,3,38,0,2,761,2,1,151,5
1248,1,30,0,2,762,30,1,794,1
1249,1,55,0,2,763,1,1,795,1
1250,1,51,0,2,764,37,1,767,1
1251,1,23,1,2,765,12,1,796,0
1252,0,37,0,2,82,5,0,797,0
1254,2,16,0,2,9,5,1,48,1
1255,1,47,0,2,766,33,1,798,1
1256,1,36,0,2,61,15,1,799,3
1257,0,23,0,2,70,33,1,201,1
1258,0,33,0,2,359,9,1,370,1
1259,0,17,0,2,61,11,1,61,0
1260,0,22,0,2,16,12,1,202,5
1261,2,22,0,2,157,5,1,164,0
1262,3,29,0,2,761,2,1,151,1
1263,1,44,1,2,767,22,1,800,0
1264,1,10,0,2,767,22,1,800,0
1265,1,68,0,2,768,31,1,801,1
1266,1,41,0,2,379,26,1,802,1
1267,1,52,0,2,769,19,1,803,4
1268,1,56,0,2,770,11,1,523,1
1269,4,36,0,2,771,34,1,804,1
1270,1,45,0,2,330,5,1,9,3
1271,0,30,0,2,70,33,1,201,3
1272,1,35,0,2,772,37,1,805,4
1273,0,24,0,2,773,0,1,806,1
1274,0,29,0,2,390,27,1,220,1
1275,0,32,1,2,21,22,1,807,1
1276,1,53,0,2,48,11,1,49,1
1277,1,32,0,2,774,0,2,808,0
1278,0,24,0,2,775,11,1,523,0
1279,0,22,0,2,164,12,1,647,1
1280,0,19,0,2,776,24,1,809,0
1281,0,29,0,2,777,8,1,810,1
1282,5,26,0,2,9,5,1,48,4
1283,2,24,0,2,778,5,1,9,1
1284,1,50,0,2,652,30,1,687,4
1286,2,52,0,2,779,18,1,811,1
1287,2,38,0,2,780,11,3,812,0
1288,1,33,1,2,781,11,2,813,0
1289,1,51,0,2,39,45,1,39,4
1290,1,48,0,2,782,20,1,814,5
1291,1,30,0,2,783,15,1,815,1
1292,0,37,0,2,784,33,1,387,2
1296,2,32,0,2,655,11,1,816,1
1297,1,24,0,2,785,7,2,817,0
1298,1,35,0,2,438,16,1,818,4
1299,1,31,0,2,786,35,1,819,1
1300,2,41,0,2,273,4,1,820,1
1301,1,45,0,2,111,28,1,821,1
1302,2,23,0,2,27,18,1,802,1
1303,2,30,0,2,157,5,1,164,1
1304,0,31,1,2,787,5,1,822,1
1306,0,47,0,2,448,4,1,465,1
1307,4,36,1,2,68,6,1,69,1
1308,4,38,1,2,45,34,1,823,1
1309,1,45,0,2,187,5,1,192,4
1310,1,38,0,2,271,11,1,824,5
1311,2,33,0,2,65,7,1,65,1
1312,1,22,0,2,788,33,1,825,2
1313,2,39,0,2,45,11,1,826,3
1314,3,26,0,2,209,6,1,69,1
1315,1,36,0,2,789,5,1,827,1
1316,0,48,0,2,164,12,1,828,5
1317,1,16,0,2,790,20,1,829,4
1318,1,58,0,2,791,7,1,830,1
1319,2,27,0,2,68,6,1,69,5
1320,2,26,0,2,663,5,1,9,5
1321,0,21,0,2,792,40,1,831,0
1322,1,31,0,2,793,13,3,832,0
1323,1,37,0,2,7,7,1,833,1
1324,0,56,0,2,794,39,1,834,6
1325,1,19,0,2,795,17,1,835,1
1326,0,38,0,2,796,3,1,836,1
1327,1,35,0,2,587,48,1,837,0
1328,0,18,0,2,797,24,1,838,2
1329,2,23,0,2,178,11,1,839,1
1330,1,41,0,2,798,39,1,840,1
1331,1,43,0,2,587,48,1,605,1
1332,0,24,0,2,799,37,1,841,1
1333,2,39,0,3,126,30,1,132,1
1334,2,22,0,3,122,11,1,842,1
1335,1,37,0,3,800,28,1,843,1
1336,1,53,0,2,801,25,1,844,1
1337,1,35,0,3,802,31,1,845,0
1338,1,41,0,3,803,9,1,846,4
1339,2,27,0,3,499,6,1,301,4
1340,1,37,0,3,804,37,3,847,0
1341,1,30,0,3,805,26,1,848,0
1342,1,34,0,3,806,22,1,849,1
1343,1,22,0,3,807,11,1,850,1
1345,2,41,0,3,24,5,1,24,1
1346,1,42,0,3,808,47,1,851,0
1347,1,51,0,3,355,11,1,852,1
1348,1,49,0,3,351,22,1,361,1
1350,1,45,0,3,102,5,1,107,4
1351,1,42,0,3,145,14,1,853,1
1352,2,41,0,3,809,18,1,854,0
1353,2,28,0,3,8,5,3,8,0
1354,1,27,0,3,429,30,1,544,2
1355,1,50,0,3,501,11,1,855,1
1356,0,22,0,3,655,17,1,856,2
1357,1,37,0,3,810,28,1,857,2
1358,2,21,0,3,279,5,1,286,1
1360,0,25,0,3,17,24,1,757,1
1361,1,51,0,3,811,3,1,858,1
1362,2,23,0,3,709,5,1,859,1
1363,1,46,0,3,812,10,1,860,4
1364,1,43,0,3,813,37,1,861,1
1365,0,35,0,3,45,11,1,45,0
1366,0,24,0,3,359,9,1,370,1
1367,0,20,0,3,45,11,1,264,0
1368,1,52,0,3,814,26,3,862,0
1369,1,49,0,3,815,36,2,581,1
1370,1,30,0,3,750,35,1,863,0
1371,1,26,0,3,816,39,1,864,1
1373,1,38,1,3,206,4,1,865,4
1374,2,16,0,3,817,11,1,866,0
1375,0,28,0,3,313,31,1,526,1
1376,0,29,0,3,266,10,1,271,1
1377,1,34,0,3,818,26,1,867,1
1378,1,43,0,3,48,11,1,49,1
1379,1,38,0,3,819,23,1,868,4
1380,2,23,0,3,9,5,1,9,0
1382,2,33,0,3,178,11,1,183,1
1383,1,40,0,3,820,37,1,869,1
1385,2,55,0,3,276,22,0,283,0
1386,3,38,0,3,821,19,1,870,4
1387,3,53,0,3,429,30,1,442,1
1390,1,49,0,3,822,5,1,871,1
1391,0,25,1,3,17,24,1,757,2
1392,0,21,0,3,823,10,1,872,1
1393,1,23,0,3,824,26,1,51,1
1394,1,24,0,3,825,12,1,631,0
1395,0,35,0,3,826,30,3,873,0
1396,1,61,0,3,827,24,1,874,4
1397,2,62,0,3,380,23,1,875,1
1398,0,16,0,3,828,30,1,876,2
1399,1,55,0,3,829,9,1,255,1
1400,1,76,0,3,10,50,1,10,4
1401,1,28,0,3,830,9,1,255,1
1402,1,25,0,3,831,45,1,877,2
1403,1,33,0,3,832,24,1,878,0
1404,2,25,0,3,833,30,1,262,3
1405,1,51,0,3,834,7,1,879,1
1406,0,30,0,3,85,35,1,105,1
1407,2,34,0,3,494,5,1,513,1
1408,1,32,0,3,835,30,1,794,0
1409,1,44,0,3,836,27,1,880,4
1410,2,48,0,3,64,7,1,64,1
1411,1,29,0,3,664,5,1,881,1
1412,0,24,0,3,837,49,1,882,2
1413,0,22,0,3,790,20,1,883,1
1414,2,19,0,3,27,18,1,884,1
1415,1,36,0,3,838,24,1,885,1
1416,1,46,0,3,429,30,1,442,1
1417,1,55,0,3,466,41,1,886,1
1418,2,39,0,3,839,27,1,887,4
1419,1,33,0,3,482,18,1,888,1
1420,0,18,0,3,840,37,1,889,1
1421,4,27,1,3,841,6,1,890,3
1422,1,34,0,3,842,20,1,891,4
1423,1,33,0,3,843,11,1,892,1
1424,1,64,1,3,465,5,2,189,0
1425,1,46,0,3,844,5,1,893,3
1426,1,51,0,3,816,41,1,143,1
1427,1,50,1,3,845,19,1,894,1
1428,2,33,0,3,778,5,1,9,1
1429,1,52,0,3,846,0,1,895,1
1430,0,34,0,3,488,24,1,547,1
1431,0,43,0,3,62,31,1,62,1
1432,0,18,0,3,62,31,1,62,1
1433,0,31,0,3,25,17,1,446,1
1434,2,65,0,4,847,11,1,896,3
1435,2,38,0,4,501,11,1,855,1
1436,0,30,0,4,36,23,1,36,1
1437,1,69,0,4,848,40,1,897,3
1438,1,25,0,4,61,11,1,61,1
1439,1,36,1,4,849,39,1,898,4
1441,2,50,0,4,43,19,1,682,4
1442,0,41,0,4,850,25,0,899,0
1443,0,44,0,4,36,23,1,36,0
1444,1,52,0,4,851,27,1,900,4
1445,2,20,0,4,9,5,1,48,4
1446,1,60,0,4,852,33,1,901,3
1447,1,39,0,4,652,30,3,902,0
1448,0,40,1,4,853,35,1,903,3
1449,2,45,0,4,5,5,1,5,4
1451,1,41,0,4,854,15,1,904,0
1452,0,40,0,4,321,5,1,324,4
1453,0,43,0,4,616,36,1,636,4
1454,1,25,1,4,855,40,1,905,3
1455,0,27,0,4,856,21,1,906,1
1456,0,19,0,4,360,9,1,372,1
1457,1,39,0,4,222,5,1,625,1
1458,2,27,0,4,9,5,1,48,4
1459,1,30,0,4,857,22,1,907,4
1460,2,29,0,4,85,35,1,105,1
1461,0,16,0,4,266,10,1,271,1
1462,2,22,0,4,25,17,1,446,1
1463,0,72,1,4,858,12,2,202,0
1464,1,40,0,4,65,7,1,65,0
1465,1,20,0,4,859,30,1,908,5
1466,2,38,0,4,860,10,1,909,1
1468,1,52,0,4,861,11,1,910,1
1469,1,26,0,4,862,35,1,911,1
1470,1,54,0,4,863,3,1,912,0
1471,1,26,0,4,485,23,1,504,3
1472,1,52,0,4,864,25,1,913,1
1473,2,38,0,4,865,5,1,914,3
1474,0,44,0,4,62,31,1,62,2
1475,1,52,0,4,82,10,1,915,1
1476,1,27,0,4,285,11,1,916,0
1477,0,35,1,4,464,33,1,917,1
1478,0,32,0,4,866,22,1,283,1
1479,0,31,0,4,227,21,1,232,1
1480,0,38,0,4,516,22,1,538,5
1481,1,22,0,4,22,11,1,22,0
1482,0,28,0,4,867,31,1,918,1
1483,0,18,0,4,868,0,1,919,1
1484,0,15,0,4,52,20,1,53,1
1485,3,41,0,4,120,37,1,125,1
1486,1,38,0,4,869,39,1,920,1
1487,1,41,0,4,445,30,1,262,1
1488,1,52,0,4,870,15,1,921,3
1489,1,45,0,4,871,24,0,922,0
1490,2,48,0,4,872,27,1,923,4
1491,1,31,1,4,873,18,1,924,0
1492,1,29,0,4,61,11,1,61,4
1493,1,51,0,4,874,22,1,34,4
1494,1,24,0,4,6,6,1,6,1
1495,1,18,0,4,875,40,1,925,1
1496,0,21,0,4,214,30,1,688,0
1497,1,30,0,4,17,24,1,757,1
1498,0,33,0,4,876,15,1,926,0
1499,1,53,0,4,135,28,3,142,0
1500,0,38,0,4,151,40,0,927,0
1501,1,60,1,4,877,37,1,457,1
1502,1,46,0,4,878,2,0,151,0
1503,1,24,1,4,27,18,1,307,1
1504,0,26,0,4,38,24,1,38,1
1505,1,28,0,4,273,7,1,279,1
1506,1,44,0,4,879,11,1,928,1
1507,2,34,0,4,880,27,1,929,1
1508,1,21,0,4,785,7,1,817,1
1509,3,34,0,4,155,0,1,330,3
1510,1,36,0,4,881,16,1,930,1
1511,2,37,0,4,259,30,1,389,4
1512,0,25,0,4,45,11,1,931,0
1513,1,45,0,4,318,4,1,321,4
1514,1,54,0,4,114,32,1,932,1
1515,1,48,0,4,846,20,1,933,0
1516,1,55,0,4,882,6,1,934,5
1517,1,33,0,4,526,16,1,935,4
1518,1,42,0,4,883,40,1,936,4
1519,0,25,0,5,86,30,1,89,2
1520,1,28,0,5,884,35,1,937,1
1521,0,53,0,5,598,41,1,143,1
1522,1,59,0,5,383,5,1,398,4
1523,1,39,0,5,885,4,1,938,1
1524,1,52,0,5,360,9,1,372,6
1525,1,40,0,5,886,20,1,933,3
1526,0,18,0,5,887,5,1,939,4
1527,0,26,1,5,86,30,1,98,1
1528,0,38,0,5,151,40,1,158,1
1530,0,23,0,5,888,44,1,940,1
1531,0,37,0,5,322,30,1,941,1
1532,1,29,0,5,889,4,1,942,1
1533,0,21,0,5,279,5,1,286,2
1534,1,29,0,5,890,38,1,943,4
1535,1,44,0,5,891,25,2,293,0
1536,0,33,0,5,29,19,1,944,1
1537,1,23,0,5,892,28,1,901,0
1538,1,26,0,5,266,10,1,271,1
1539,0,33,0,5,22,11,1,22,2
1540,1,29,0,5,893,11,1,945,1
1541,0,28,0,5,894,27,1,946,4
1542,1,35,0,5,42,7,1,42,1
1543,0,24,0,5,7,7,1,403,1
1544,3,30,0,5,295,5,1,302,5
1545,1,69,0,5,895,25,1,947,1
1546,1,20,0,5,657,15,0,453,0
1547,1,37,0,5,272,21,1,745,0
1548,2,28,0,5,9,5,1,48,1
1549,2,27,1,5,440,30,2,229,0
1550,1,46,1,5,440,30,2,229,0
1552,4,43,0,5,68,6,1,69,1
1553,1,59,0,5,896,30,1,155,1
1554,1,19,0,5,191,30,1,196,4
1555,1,48,0,5,897,27,3,948,0
1556,0,23,0,5,773,0,1,806,1
1557,1,35,0,5,898,10,1,949,1
1558,1,32,0,5,899,23,0,950,3
1559,1,36,0,5,900,5,1,951,3
1560,1,46,0,5,276,22,1,952,4
1561,1,44,0,5,901,20,1,933,1
1562,2,19,0,5,68,6,1,69,1
1563,2,30,0,5,528,17,1,446,0
1564,0,29,1,5,5,5,1,5,0
1565,2,35,0,5,394,5,1,409,4
1566,0,22,0,5,259,30,1,262,1
1567,1,36,0,5,902,26,1,51,1
1568,0,31,0,5,76,13,1,76,4
1569,1,40,0,5,68,6,0,69,0
1571,4,31,0,5,903,6,1,953,1
1572,1,63,0,5,904,41,1,954,1
1573,1,38,0,5,905,1,1,955,3
1574,0,27,0,5,906,30,1,956,0
1575,2,35,0,5,907,27,1,404,1
1576,1,28,0,5,277,7,1,494,1
1577,0,22,0,5,191,30,1,196,0
1578,4,26,0,5,903,6,1,957,1
1579,1,22,0,5,908,1,1,958,4
1581,2,31,0,5,27,18,1,883,1
1582,1,43,0,5,92,25,1,94,4
1583,0,24,0,5,109,30,1,491,0
1584,1,29,0,5,29,19,1,944,1
1586,1,43,0,5,699,10,1,731,1
1587,0,21,0,5,909,10,1,959,0
1588,2,19,0,5,910,5,1,960,1
1589,2,45,0,5,178,11,1,183,1
1590,1,48,1,5,911,30,1,961,4
1591,1,59,0,5,36,23,1,568,1
1592,1,58,0,5,27,18,1,27,1
1594,2,41,0,5,178,11,0,183,0
1595,0,64,0,5,41,25,0,962,0
1596,1,38,0,5,912,37,1,963,3
1597,1,53,0,5,812,37,1,964,1
1598,2,25,0,5,45,11,1,45,1
1599,1,32,0,5,913,30,1,155,4
1600,1,30,0,5,914,23,3,965,0
1601,0,33,0,5,530,6,1,148,1
1602,1,70,0,5,915,1,1,966,1
1603,1,36,0,5,916,1,1,652,4
1604,1,30,0,6,68,6,1,69,1
1605,1,51,0,6,917,26,1,770,1
1606,0,21,0,6,918,0,1,967,1
1607,0,43,0,6,17,24,1,757,4
1608,0,18,0,6,120,37,1,125,1
1609,1,49,0,6,919,26,2,51,0
1610,4,34,0,6,920,6,1,968,4
1611,1,33,0,6,921,34,1,969,4
1612,4,28,0,6,922,48,1,970,4
1614,1,31,0,6,485,23,1,504,4
1615,0,35,0,6,740,39,1,971,1
1616,1,31,0,6,618,30,1,638,3
1617,1,38,1,6,923,36,1,972,0
1618,3,25,0,6,761,2,1,151,4
1619,0,23,0,6,70,33,1,201,1
1620,1,25,0,6,924,25,1,973,0
1621,0,49,0,6,223,24,1,974,1
1622,2,21,0,6,925,5,1,625,0
1623,1,15,0,6,926,5,2,189,0
1625,1,63,0,6,927,0,1,975,1
1626,1,38,0,6,606,9,1,976,1
1627,1,68,0,6,928,36,1,977,1
1628,1,34,0,6,123,39,1,978,1
1629,0,52,0,6,929,11,1,979,3
1631,2,32,0,6,64,7,1,64,3
1632,2,50,0,6,930,4,1,980,1
1633,1,29,0,6,736,37,1,767,3
1634,0,31,0,6,9,5,1,48,1
1635,2,31,0,6,931,5,1,9,3
1636,0,27,0,6,932,28,1,981,1
1637,3,29,0,6,86,30,1,982,1
1638,1,23,0,6,933,16,1,935,4
1639,0,61,0,6,934,26,1,983,1
1640,0,18,0,6,935,39,1,984,6
1641,1,33,0,6,936,22,1,985,1
1642,2,80,0,6,937,49,1,986,1
1643,2,50,0,6,114,32,1,119,5
1644,5,54,0,6,692,11,1,724,1
1645,1,43,0,6,938,4,1,865,0
1646,1,47,0,6,501,20,1,987,1
1648,1,43,0,6,41,25,1,962,5
1649,1,38,0,6,939,40,1,988,1
1650,2,21,0,6,27,18,1,27,1
1651,1,36,0,6,940,14,1,989,1
1652,2,30,0,6,941,7,1,817,5
1653,1,59,0,6,942,33,1,990,1
1654,1,34,0,6,341,39,1,348,2
1656,0,37,0,6,932,28,1,981,0
1657,0,25,0,6,943,22,1,283,1
1658,1,30,0,6,944,30,1,991,1
1659,0,25,0,6,126,30,1,165,0
1660,0,41,0,6,21,22,1,807,1
1661,0,23,0,6,945,41,1,992,1
1662,1,20,0,6,946,6,1,993,4
1663,1,19,0,6,947,29,1,509,2
1664,2,24,0,6,948,37,1,994,0
1665,1,50,0,6,949,46,1,995,1
1666,0,20,0,6,123,39,1,996,5
1667,2,37,0,6,950,30,1,613,4
1668,1,25,0,6,629,7,1,997,1
1669,0,44,0,6,951,28,1,998,1
1670,0,46,0,6,952,36,3,999,4
1671,1,31,0,6,953,11,1,1000,1
1672,0,22,0,6,155,0,1,162,0
1673,0,25,0,6,446,40,1,463,1
1674,0,35,0,6,954,10,1,1001,1
1675,0,36,0,6,955,21,1,1002,1
1676,2,29,0,6,80,18,1,245,1
1677,1,42,1,6,956,11,1,1003,1
1678,2,42,0,6,92,25,1,94,3
1679,1,50,0,6,957,15,1,1,1
1680,2,36,0,6,828,0,1,608,0
1681,1,59,0,6,958,30,1,1004,1
1682,1,19,0,6,494,5,1,513,0
1684,0,30,0,6,959,10,1,1005,1
1685,0,22,0,6,149,13,1,701,1
1686,1,51,0,6,960,36,1,1006,3
1687,2,27,0,6,961,45,1,1007,4
1688,2,26,0,6,962,30,1,544,1
1689,1,32,0,6,963,0,1,1008,1
1690,1,26,0,6,964,18,1,245,1
1691,1,28,0,6,965,8,1,1009,2
1692,1,25,0,6,966,42,1,163,2
1693,0,63,0,6,171,43,1,642,2
1695,3,27,0,6,279,5,1,286,4
1696,1,30,0,6,967,26,1,369,0
1697,0,50,0,6,463,12,1,1010,1
1698,0,37,0,6,968,8,1,1011,1
1699,3,28,0,4,9,5,1,48,4
1700,2,44,0,6,84,46,1,802,0
1701,0,25,0,6,70,33,1,201,1
1702,1,41,0,6,152,40,1,159,3
1703,1,24,0,6,969,7,1,830,1
1704,1,56,0,6,970,25,3,1012,0
1705,1,30,0,7,600,0,1,1013,1
1706,1,63,0,7,971,41,1,254,3
1707,1,58,0,7,846,40,1,1014,4
1708,1,28,0,7,319,23,2,568,0
1709,1,50,0,7,972,35,1,1015,1
1710,0,35,0,7,973,37,1,1016,1
1711,2,32,0,7,157,5,0,164,0
1713,1,40,0,7,974,12,1,1017,4
1715,2,19,0,7,975,5,1,189,0
1716,2,18,0,7,102,5,1,107,1
1717,0,37,0,7,976,22,1,283,0
1718,0,29,0,7,977,11,1,1018,3
1719,0,21,0,7,171,43,1,1019,1
1720,1,34,0,7,240,41,1,246,1
1721,0,37,0,7,164,12,1,647,6
1724,2,24,1,7,978,6,1,1020,4
1725,0,32,0,7,979,19,1,1021,6
1726,1,65,0,7,980,25,1,1022,1
1727,2,19,0,7,981,5,1,48,1
1728,2,37,0,7,982,5,1,1023,4
1729,1,33,0,7,983,5,1,1024,5
1730,0,25,0,7,97,11,4,100,1
1731,0,62,0,7,804,39,1,1025,1
1732,1,46,0,7,984,35,1,996,4
1733,1,30,0,7,530,6,1,148,4
1734,0,38,0,7,45,11,1,45,1
1735,0,40,0,7,985,25,1,1026,1
1737,0,51,0,7,321,5,1,324,4
1738,0,39,0,7,976,22,1,283,1
1739,0,41,0,7,909,10,1,1027,1
1740,2,41,0,7,986,36,1,1028,1
1741,1,44,0,7,987,36,1,1029,1
1742,1,23,0,7,72,34,1,102,3
1743,1,32,0,7,903,6,1,1030,0
1744,1,53,0,7,343,22,1,1031,2
1745,0,35,0,7,92,25,0,94,3
1746,0,33,0,7,62,31,1,62,1
1747,1,63,0,7,988,37,1,869,1
1748,1,31,0,7,989,30,1,1032,1
1749,1,26,0,7,565,5,1,110,1
1751,0,42,0,7,976,22,1,283,1
1752,1,37,0,7,990,40,1,1033,1
1753,1,43,0,7,41,25,1,962,4
1755,2,21,0,7,976,22,2,283,0
1756,1,50,0,7,991,12,3,37,3
1757,1,56,0,7,41,25,1,962,3
1758,2,31,0,7,361,5,1,373,4
1760,1,36,0,7,992,2,1,151,1
1761,0,50,0,7,266,10,1,271,1
1762,1,50,0,7,993,44,1,1034,1
1763,0,49,0,7,151,40,1,158,4
1764,0,31,0,7,88,5,1,1035,1
1765,2,34,0,7,178,11,1,183,1
1766,1,36,0,7,236,5,1,1036,1
1767,4,29,0,7,994,18,1,1037,4
1768,1,23,1,7,916,1,2,1038,0
1769,0,33,0,7,36,23,1,36,1
1770,0,18,0,7,9,5,1,48,1
1771,1,25,0,7,995,35,0,1039,0
1772,1,50,0,7,996,40,1,1040,1
1773,2,36,0,7,534,18,1,1041,1
1774,2,32,0,7,997,5,0,1042,0
1776,0,17,0,7,998,12,1,202,1
1777,0,19,0,7,147,6,1,154,0
1778,1,20,0,7,999,14,1,1043,4
1779,1,33,0,7,1000,35,1,453,4
1780,1,24,0,7,40,6,1,40,4
1781,2,24,0,7,565,5,1,110,4
1782,2,31,0,7,530,6,1,148,1
1783,0,18,0,7,266,10,1,271,0
1784,2,41,0,7,1001,17,1,1044,1
1785,0,27,0,7,1002,5,1,9,0
1786,2,36,0,7,9,5,1,48,1
1788,1,40,1,7,1003,39,1,128,1
1789,1,59,0,7,1004,37,1,1045,1
1790,0,24,1,7,360,9,0,1046,0
1791,3,18,0,7,1005,21,1,1047,4
1792,1,32,0,7,1006,26,1,51,0
1793,2,38,0,7,1007,4,1,1048,3
1794,1,43,0,8,1008,41,1,492,5
1795,1,67,0,8,832,24,1,1049,1
1796,0,23,1,8,78,31,1,79,1
1797,2,26,0,8,929,11,0,979,0
1798,1,32,0,8,137,5,1,144,0
1799,1,22,0,8,1009,41,1,1050,1
1800,1,34,0,8,1010,32,1,1051,1
1801,1,31,0,8,561,19,1,1052,4
1802,0,43,0,8,126,30,1,132,1
1803,1,51,0,8,1011,5,1,9,0
1804,1,31,0,8,1012,16,1,1053,1
1805,1,54,0,8,290,36,1,1054,4
1806,1,69,0,8,1013,24,1,1055,1
1807,1,22,0,8,1014,15,0,1056,0
1808,1,58,0,8,1015,24,1,1057,4
1809,0,26,0,8,1016,0,1,802,1
1810,1,53,0,8,1017,40,1,1058,1
1811,1,30,0,8,1018,30,1,873,0
1812,1,31,0,8,1019,5,1,222,3
1813,0,25,0,8,374,33,1,387,4
1814,0,20,0,8,1020,9,1,1059,4
1815,0,57,0,8,379,26,1,394,4
1816,2,34,0,8,1021,26,1,51,3
1817,1,59,0,8,394,5,1,409,1
1818,1,69,0,8,1022,41,1,1060,1
1819,1,63,0,8,1023,37,1,406,1
1820,1,45,0,8,1024,33,1,1061,1
1821,1,73,1,8,1025,30,1,1062,0
1822,2,14,0,8,9,5,1,48,1
1823,1,44,0,8,816,41,1,1063,6
1824,0,61,0,8,39,5,0,1064,0
1825,1,59,0,8,1026,4,1,1065,1
1826,1,39,0,8,1027,26,1,1066,0
1828,1,54,0,8,1028,12,1,1067,1
1830,4,49,0,8,402,25,1,416,3
1831,1,33,1,8,1029,30,1,1068,0
1832,2,38,0,8,68,6,1,69,4
1833,0,23,0,8,151,40,1,158,1
1835,0,18,0,8,1030,15,3,1069,0
1837,2,29,0,8,1031,24,1,97,3
1838,1,42,0,8,1032,35,1,802,1
1839,1,36,0,8,186,33,1,1070,1
1840,1,32,0,8,1033,37,1,1071,1
1842,0,30,0,8,8,5,1,8,1
1843,1,53,0,8,1034,6,1,385,2
1844,1,55,0,8,393,44,1,1072,0
1845,2,24,0,8,530,6,1,1073,0
1846,0,27,0,8,721,4,1,1074,3
1847,2,37,0,8,187,5,1,192,1
1848,1,59,0,8,1035,5,1,1075,1
1849,1,36,0,8,1036,3,1,1076,0
1850,1,40,0,8,394,5,1,1077,4
1851,1,38,0,8,1037,5,1,222,0
1852,1,29,0,8,120,37,1,889,0
1853,3,46,0,8,1038,5,0,1078,0
1854,2,22,0,8,68,6,1,69,0
1855,2,40,0,8,9,5,1,48,3
1856,1,31,0,8,1039,40,1,1079,2
1858,1,29,0,8,323,18,1,326,1
1859,1,54,0,8,447,35,1,1080,3
1860,0,25,0,8,1040,24,1,1081,1
1861,2,71,0,8,602,5,1,622,4
1862,2,36,0,8,476,18,1,1082,4
1863,0,34,0,8,533,33,1,234,4
1864,2,36,0,8,97,11,1,100,1
1865,1,43,0,8,86,30,1,98,1
1866,1,53,0,8,568,35,1,1083,1
1868,1,63,0,8,449,7,1,1084,4
1871,1,63,0,8,1041,1,2,1085,1
1872,1,41,0,8,25,17,1,1086,1
1873,2,25,0,8,68,6,1,69,2
1874,2,49,0,8,65,7,1,65,4
1875,1,82,0,8,365,44,1,1087,1
1876,0,34,0,8,349,21,1,357,0
1877,1,37,0,8,1042,19,1,1088,1
1878,0,24,0,8,799,37,1,841,1
1879,1,56,0,8,565,5,1,110,4
1880,1,35,1,8,168,6,1,1089,1
1881,1,36,0,8,1043,4,1,1090,3
1882,0,22,0,8,429,30,1,544,0
1884,4,28,0,8,560,34,1,1091,1
1885,1,36,0,8,396,11,1,411,4
1886,1,21,0,8,65,7,1,65,0
1887,1,38,0,8,1044,20,1,42,5
1888,1,60,0,9,502,33,1,1092,5
1889,1,18,0,9,3,3,1,1093,1
1890,2,23,0,9,9,5,1,9,1
1891,2,40,0,9,1045,5,1,1094,3
1892,2,38,0,9,1046,18,1,1095,1
1893,1,40,0,9,920,7,1,1096,1
1894,0,38,0,9,52,20,1,1097,1
1895,1,22,0,9,1047,10,1,1098,3
1896,1,36,0,9,1048,10,1,760,1
1897,1,25,0,9,1049,4,1,1099,0
1898,0,25,0,9,423,21,1,436,1
1899,2,27,0,9,1050,11,1,1100,1
1900,2,44,0,9,331,7,1,337,4
1901,2,39,0,9,279,5,1,286,4
1902,2,35,0,9,61,11,1,61,1
1903,0,36,0,9,1051,11,1,1101,5
1907,1,70,0,9,1052,35,1,1,1
1908,1,25,0,9,68,6,1,69,4
1909,1,35,0,9,1053,30,1,1102,1
1910,0,55,0,9,233,0,1,1103,3
1911,0,25,0,9,93,36,1,1104,1
1912,1,32,0,9,134,30,1,1105,1
1913,1,58,0,9,1054,30,3,941,0
1914,2,38,0,9,1055,5,1,1106,1
1915,2,32,0,9,1056,15,1,996,1
1917,0,56,0,9,375,30,1,1107,6
1918,1,69,0,9,1057,44,1,1108,2
1919,1,37,0,9,1058,7,1,284,1
1920,0,31,0,9,171,43,1,642,0
1921,0,25,0,9,613,8,1,632,4
1922,1,86,0,9,1059,5,1,554,1
1924,1,38,0,9,1060,5,0,9,0
1925,0,13,0,9,70,33,1,201,2
1926,1,34,0,9,61,11,1,61,1
1927,2,32,0,9,68,6,1,69,1
1928,1,69,0,9,1061,30,1,726,1
1929,1,46,0,9,1062,20,1,1109,1
1930,4,29,0,9,1063,50,1,1110,0
1931,0,25,0,9,360,9,1,372,1
1932,0,40,0,9,41,25,1,962,0
1933,1,29,0,9,336,26,1,752,4
1934,1,45,0,9,341,39,1,348,2
1935,1,55,0,9,1064,37,1,1111,1
1936,1,42,0,9,807,5,1,850,3
1937,0,22,0,9,1065,19,1,1112,4
1938,0,61,0,9,555,33,1,600,1
1939,0,24,0,9,1066,22,1,1113,2
1940,1,30,0,9,478,16,1,1114,3
1941,1,46,1,9,1067,11,1,1115,1
1942,1,22,0,9,1068,30,1,1116,1
1944,1,23,0,9,1069,45,1,1117,1
1945,0,43,0,9,120,37,1,125,6
1946,1,43,0,9,296,35,1,507,1
1947,1,49,0,9,785,7,1,817,4
1948,1,56,0,9,1070,11,1,1118,1
1949,1,23,0,9,379,13,1,1119,0
1950,1,41,0,9,1071,5,1,637,0
1952,2,30,0,9,178,11,1,183,1
1953,1,25,0,9,1072,29,1,1120,1
1954,1,32,0,9,1014,15,1,1121,1
1955,1,52,0,9,1073,32,1,1122,1
1956,1,46,0,9,45,11,1,45,1
1957,1,48,0,9,821,19,1,870,1
1958,0,30,0,9,730,5,1,762,0
1959,1,26,0,9,68,6,1,69,1
1960,0,32,0,9,360,9,1,372,0
1961,2,28,0,9,246,0,1,1123,4
1962,1,53,0,9,168,6,1,174,1
1963,0,20,0,9,70,33,1,201,1
1966,1,37,0,9,954,36,1,581,1
1967,0,32,0,9,1074,41,1,143,1
1969,0,35,0,9,1075,5,0,1124,4
1970,1,3,1,9,1076,28,4,1125,0
1971,1,28,0,10,1077,44,1,353,1
1972,0,18,0,10,9,5,1,48,1
1973,0,36,0,10,1078,10,1,1126,1
1974,2,16,0,10,9,5,1,48,2
1975,1,84,1,10,1079,15,2,1032,0
1977,1,57,0,10,439,27,1,456,1
1979,2,31,0,10,962,30,1,544,3
1980,1,26,0,10,1080,15,1,1127,1
1981,1,51,0,10,1081,36,1,1128,1
1982,1,66,0,10,150,5,3,1129,0
1983,1,35,1,5,48,11,3,1130,3
1985,1,35,0,10,1082,41,1,659,1
1986,1,46,0,10,45,11,1,264,3
1987,1,36,0,10,380,23,1,395,4
1988,0,57,0,10,1083,0,1,1131,3
1990,1,49,0,10,860,15,1,1132,2
1991,0,37,0,12,45,11,1,45,1
1993,0,31,0,12,876,37,1,926,4
1995,1,53,1,10,222,5,1,625,4
1996,1,39,0,10,1084,25,1,1133,5
1997,2,21,0,10,1085,4,1,1134,4
1998,1,62,0,10,380,23,1,395,4
1999,0,41,0,10,21,22,1,807,1
2000,1,26,0,10,1086,33,1,1135,2
2001,4,19,0,10,364,11,1,377,1
2003,4,56,0,10,1087,37,1,889,1
2004,1,40,0,10,68,6,1,1136,1
2005,3,44,0,10,448,4,1,465,4
2006,1,30,0,10,1088,5,1,1137,3
2007,1,31,0,10,130,12,1,1138,3
2008,0,33,0,10,390,27,1,220,1
2009,1,22,0,10,1089,26,1,51,1
2010,1,50,0,10,25,17,1,446,1
2011,1,38,0,10,686,4,1,198,1
2012,1,46,0,10,1090,1,1,1139,4
2013,1,23,0,10,807,11,1,850,3
2014,2,24,0,10,97,11,1,100,1
2015,1,26,0,10,5,5,1,5,1
2016,1,38,0,10,752,39,1,783,1
2018,1,32,0,10,1091,5,1,1140,3
2019,1,26,1,10,61,11,1,61,2
2020,1,39,0,10,1092,30,1,873,4
2021,2,50,0,10,259,30,1,262,3
2022,1,17,0,10,860,15,1,1132,1
2023,0,28,0,10,570,36,1,1141,1
2024,2,42,0,10,41,25,1,962,1
2025,0,66,1,10,943,22,1,283,3
2026,1,34,0,10,1093,26,1,1142,1
2027,2,24,0,10,97,11,1,100,1
2029,2,28,0,10,416,17,1,1086,0
2030,1,29,0,10,191,30,1,196,1
2031,1,58,0,10,41,25,1,962,4
2032,4,23,1,10,1094,4,1,296,1
2033,3,31,0,10,865,5,1,1143,5
2034,1,21,0,10,1095,39,1,996,3
2035,1,52,1,10,1096,39,2,1144,0
2036,1,38,0,10,1097,26,1,51,1
2037,0,40,0,10,629,7,1,1145,1
2038,1,45,0,10,1098,19,1,361,2
2039,0,19,0,10,52,20,1,272,1
2040,1,33,0,10,222,5,0,625,0
2041,0,46,0,10,1014,15,1,1056,1
2042,1,25,0,10,169,31,1,153,2
2043,1,25,1,10,169,31,1,153,2
2044,1,37,0,10,149,5,1,701,4
2045,0,25,0,10,348,11,1,1146,1
2046,1,36,0,10,1099,25,1,1147,0
2047,1,32,0,10,77,14,1,77,1
2048,0,33,0,10,178,11,1,183,1
2049,2,24,0,10,1100,0,1,608,0
2050,0,38,0,10,321,5,1,189,1
2051,1,37,0,10,1101,19,1,532,1
2052,3,45,0,10,1102,33,1,1148,4
2053,1,34,0,10,168,6,1,1149,5
2054,0,31,0,10,390,27,1,220,6
2055,2,23,0,10,624,11,1,648,1
2056,4,38,0,10,1103,25,1,293,1
2057,2,55,0,10,1104,5,1,9,4
2058,0,39,1,10,688,5,1,1150,5
2061,1,76,0,11,506,17,1,1086,1
2062,0,21,0,11,8,5,1,1151,1
2063,1,39,0,11,1105,25,0,1152,0
2064,1,40,0,11,1106,16,1,1153,1
2065,1,59,0,11,473,12,1,1154,1
2067,0,23,0,11,146,37,1,1155,1
2069,1,56,1,11,1107,0,1,1156,1
2071,2,26,0,11,1108,5,1,1157,0
2072,1,59,0,11,1109,4,1,1158,1
2074,1,36,0,11,891,25,1,1159,5
2075,0,25,0,11,266,10,1,271,1
2076,1,49,0,11,322,30,1,941,4
2077,1,56,0,11,1110,44,1,1160,1
2080,1,31,0,11,1111,21,1,278,3
2081,1,43,0,11,1112,41,1,670,1
2083,1,32,0,11,1113,44,1,221,3
2084,0,31,0,11,360,9,1,372,1
2087,2,45,0,11,391,5,1,405,1
2089,0,62,0,11,441,37,3,457,0
2090,1,36,0,11,1114,6,1,1136,1
2091,2,41,0,11,1115,11,1,1161,1
2092,1,53,0,11,134,30,1,593,1
2096,1,30,1,11,1116,37,1,1162,0
2097,2,33,0,11,114,32,1,119,1
2098,1,40,0,11,72,34,1,102,1
2099,2,29,0,11,1117,6,1,1163,1
2100,1,44,0,11,1118,0,0,1164,0
2101,2,21,0,11,92,25,1,94,1
2102,2,22,0,11,295,5,1,302,1
2103,1,31,0,11,1119,41,0,1165,3
2104,1,38,0,11,1120,9,1,1166,3
2105,1,86,0,11,36,23,2,1167,0
2106,1,87,1,11,36,23,2,1167,0
2108,0,25,0,11,606,9,1,255,5
2111,1,56,0,11,715,5,1,751,1
2112,1,39,0,11,987,20,3,1168,0
2113,1,35,0,11,944,30,1,595,3
2114,0,25,0,11,1121,0,1,802,1
2115,0,25,0,11,1068,30,1,1169,3
2117,0,26,0,11,266,10,1,271,1
2119,3,15,0,11,1122,5,1,445,4
2120,0,21,0,11,976,22,1,283,3
2122,2,25,0,11,178,11,1,183,1
2123,1,18,0,11,104,20,1,1170,1
2124,0,19,0,11,52,20,1,53,1
2125,1,27,0,11,1123,5,1,1171,4
2126,1,22,1,11,279,5,1,24,0
2127,1,35,1,11,1124,4,0,1172,0
2128,0,36,0,11,226,11,1,570,1
2129,2,45,0,11,1125,5,1,9,1
2131,0,23,0,11,709,21,1,745,1
2133,1,69,0,9,72,34,1,102,1
2134,1,43,0,11,322,30,1,941,4
2135,1,43,0,11,1126,36,1,1173,4
2136,0,19,0,11,266,10,1,271,0
2138,0,37,0,11,266,10,1,271,1
2140,0,23,0,11,1127,28,1,1174,1
2142,1,59,0,11,611,38,1,1175,1
2144,1,48,0,11,1128,3,1,1176,3
2145,0,33,0,11,266,10,1,271,1
2146,0,18,0,11,70,33,1,1177,4
2148,0,41,0,11,1129,37,1,1178,6
2149,0,35,0,11,1130,10,1,1179,5
2152,1,29,0,11,1131,23,1,1180,4
2153,1,55,0,11,1132,11,1,1181,3
2154,0,25,0,11,104,20,1,448,1
2155,2,41,0,11,293,5,0,1182,0
2157,2,27,0,12,530,6,1,148,1
2158,1,83,0,12,1133,15,1,1183,1
2159,1,22,0,12,1134,26,1,996,3
2160,1,33,0,12,1135,39,1,1184,1
2162,1,58,0,12,860,15,1,1132,1
2163,2,38,0,12,998,12,1,202,1
2165,5,26,0,12,1136,33,1,1185,0
2166,1,47,0,12,1137,30,1,1186,1
2167,1,52,0,12,204,1,1,209,1
2168,1,55,0,12,395,3,1,410,1
2169,1,49,0,12,1138,30,1,292,3
2170,1,42,0,10,1139,39,1,1187,1
2172,1,20,0,12,1140,9,1,255,4
2174,1,35,0,12,1141,9,1,1188,1
2175,1,43,0,12,1142,37,1,1189,1
2176,3,30,0,12,992,2,1,151,5
2177,1,44,0,12,1143,35,1,646,5
2178,1,36,0,12,914,23,1,965,4
2179,0,35,0,12,1144,41,1,1190,1
2180,1,53,0,12,606,13,1,626,4
2182,1,24,0,12,1145,3,1,1191,1
2183,1,44,1,12,1146,6,1,1192,2
2184,2,30,0,12,107,11,1,112,4
2185,2,73,0,12,187,5,1,192,0
2186,1,31,0,12,1147,0,1,1193,1
2188,0,32,0,12,1148,0,1,975,1
2189,0,18,0,12,62,31,1,1194,1
2190,1,61,0,12,1149,5,1,9,1
2191,0,39,0,12,1150,37,3,1195,0
2192,1,36,0,12,97,1,1,100,1
2194,1,48,0,12,172,35,1,996,4
2195,2,33,0,12,778,5,1,9,1
2196,1,72,0,12,41,25,1,962,1
2197,1,37,0,12,938,4,1,865,1
2198,0,20,0,12,9,5,1,48,1
2203,1,26,0,12,1151,44,1,1196,2
2204,2,31,0,12,970,25,1,1012,3
2205,1,25,0,12,1152,25,1,1197,1
2206,1,46,0,12,1153,23,1,1198,5
2207,1,25,0,12,876,15,1,1,1
2208,1,27,0,12,1154,39,1,1199,1
2209,0,24,0,12,1155,5,1,414,1
2210,2,30,0,12,8,5,1,1151,4
2212,0,19,0,12,1156,31,1,526,1
2214,2,30,0,12,564,5,1,584,0
2217,1,53,1,12,1157,30,1,593,4
2218,3,48,0,12,1158,5,1,9,3
2219,1,38,0,12,396,11,0,816,0
2220,1,61,0,12,1159,30,1,1032,1
2221,0,29,0,12,171,43,1,642,4
2223,1,30,0,12,1160,1,1,652,1
2224,1,35,0,12,1161,5,1,1200,1
2225,1,71,1,12,1162,11,1,1201,1
2226,2,41,0,12,1163,10,1,1202,4
2227,1,36,0,12,1164,11,1,523,1
2228,1,34,0,12,1165,26,1,1203,3
2229,4,19,0,12,1166,48,1,1204,1
2231,1,34,0,12,1167,30,3,873,0
2232,0,52,0,12,1168,31,1,1205,1
2233,1,31,0,12,68,6,1,69,4
2234,0,21,0,12,259,30,1,262,6
2235,1,46,0,12,1169,30,1,613,4
2237,1,34,0,12,1170,30,1,794,1
2238,1,33,0,12,1171,19,1,1206,0
